User,Navigation Path
1,"['Services', 'Cart', 'Signup']"
2,"['Blog', 'Review Page', 'Product Page', 'Checkout', 'Signup']"
3,"['Homepage', 'Services', 'Cart', 'Signup']"
4,"['Pricing', 'Checkout', 'Blog']"
5,"['Review Page', 'Checkout', 'Services']"
6,"['Services', 'FAQ', 'Homepage', 'Checkout']"
7,"['Contact Us', 'Homepage', 'Review Page', 'Product Page', 'Services']"
8,"['Pricing', 'Review Page', 'Product Page']"
9,"['Pricing', 'Contact Us', 'Blog']"
10,"['Product Page', 'Pricing']"
11,"['Checkout', 'Signup']"
12,"['Product Page', 'FAQ', 'Blog', 'Cart']"
13,"['Checkout', 'Signup', 'Blog']"
14,"['Pricing', 'Services', 'Signup']"
15,"['Pricing', 'Product Page', 'Blog']"
16,"['Cart', 'FAQ', 'Product Page', 'Blog']"
17,"['Services', 'Homepage']"
18,"['Product Page', 'Review Page']"
19,"['Product Page', 'FAQ']"
20,"['Review Page', 'Cart']"
21,"['Product Page', 'Homepage', 'FAQ']"
22,"['Pricing', 'Product Page', 'Review Page']"
23,"['Services', 'Cart', 'Contact Us', 'Checkout', 'Product Page']"
24,"['Homepage', 'Product Page']"
25,"['Services', 'FAQ', 'Contact Us']"
26,"['Services', 'Blog', 'Contact Us', 'Product Page']"
27,"['Services', 'Review Page', 'Cart', 'Signup']"
28,"['Review Page', 'Checkout', 'FAQ', 'Homepage', 'Blog']"
29,"['Pricing', 'Cart', 'Product Page', 'Checkout']"
30,"['Cart', 'Pricing']"
31,"['Blog', 'Pricing']"
32,"['Cart', 'Services', 'FAQ']"
33,"['Signup', 'FAQ', 'Pricing', 'Blog', 'Review Page']"
34,"['Services', 'Product Page', 'Checkout', 'Signup', 'Homepage']"
35,"['Cart', 'Product Page', 'Checkout', 'Signup', 'Pricing']"
36,"['Review Page', 'Signup', 'Blog', 'Product Page']"
37,"['Review Page', 'Checkout', 'FAQ']"
38,"['Checkout', 'Product Page', 'Contact Us', 'Services']"
39,"['FAQ', 'Product Page', 'Blog']"
40,"['Services', 'Cart']"
41,"['Homepage', 'Services', 'Cart', 'Blog', 'Product Page']"
42,"['FAQ', 'Cart', 'Signup', 'Homepage']"
43,"['Contact Us', 'Review Page']"
44,"['Services', 'Product Page', 'FAQ', 'Signup', 'Cart']"
45,"['Signup', 'Blog']"
46,"['Homepage', 'Checkout', 'FAQ']"
47,"['Contact Us', 'Homepage', 'Signup', 'Review Page', 'Cart']"
48,"['Homepage', 'Blog', 'Services', 'Cart', 'Signup']"
49,"['Services', 'Pricing', 'Signup', 'Checkout']"
50,"['Contact Us', 'Homepage', 'Pricing', 'FAQ', 'Review Page']"
51,"['Contact Us', 'Checkout', 'Signup', 'Services']"
52,"['Product Page', 'Blog']"
53,"['FAQ', 'Services', 'Blog', 'Product Page', 'Review Page']"
54,"['Review Page', 'Services', 'Checkout', 'Contact Us', 'Product Page']"
55,"['Homepage', 'Review Page', 'Blog', 'Contact Us', 'Product Page']"
56,"['Product Page', 'Homepage', 'Cart']"
57,"['Signup', 'Homepage', 'FAQ', 'Checkout', 'Services']"
58,"['Services', 'Blog', 'Review Page', 'Pricing', 'Contact Us']"
59,"['Blog', 'Review Page', 'Services']"
60,"['Checkout', 'Contact Us']"
61,"['Signup', 'FAQ', 'Cart']"
62,"['Pricing', 'Homepage', 'Product Page']"
63,"['Review Page', 'Blog']"
64,"['Cart', 'Signup', 'Services']"
65,"['Homepage', 'Pricing']"
66,"['Services', 'Cart']"
67,"['Contact Us', 'Signup', 'Checkout', 'Blog']"
68,"['Pricing', 'Homepage', 'Contact Us']"
69,"['Checkout', 'FAQ', 'Homepage', 'Pricing', 'Contact Us']"
70,"['Review Page', 'Blog', 'Product Page', 'Cart']"
71,"['Contact Us', 'Checkout', 'Product Page']"
72,"['Signup', 'Product Page', 'Blog', 'Pricing', 'Homepage']"
73,"['Contact Us', 'Services', 'FAQ', 'Checkout']"
74,"['FAQ', 'Signup']"
75,"['Services', 'Signup', 'Checkout']"
76,"['Pricing', 'Services', 'Review Page']"
77,"['Product Page', 'Checkout']"
78,"['Contact Us', 'Services', 'Checkout', 'Signup']"
79,"['Services', 'FAQ']"
80,"['Product Page', 'Blog']"
81,"['Services', 'Cart']"
82,"['Contact Us', 'Services', 'Cart', 'Checkout', 'Product Page']"
83,"['Contact Us', 'Checkout', 'Review Page', 'Blog', 'Signup']"
84,"['Pricing', 'Review Page', 'Signup', 'Services', 'Homepage']"
85,"['Review Page', 'Signup', 'Homepage', 'Product Page']"
86,"['Checkout', 'Pricing']"
87,"['Product Page', 'Signup', 'Services', 'FAQ']"
88,"['Blog', 'Review Page']"
89,"['FAQ', 'Signup', 'Checkout']"
90,"['Homepage', 'Checkout', 'Signup']"
91,"['Services', 'Pricing', 'Homepage']"
92,"['Checkout', 'Blog', 'Signup', 'Pricing']"
93,"['Checkout', 'Cart', 'Blog', 'Homepage', 'Services']"
94,"['Review Page', 'Pricing']"
95,"['Checkout', 'Homepage', 'Pricing', 'Contact Us', 'Review Page']"
96,"['Signup', 'FAQ', 'Review Page']"
97,"['FAQ', 'Signup', 'Cart', 'Review Page']"
98,"['Blog', 'Contact Us']"
99,"['Signup', 'Services', 'Blog']"
100,"['Blog', 'Services', 'Pricing', 'FAQ', 'Contact Us']"
101,"['Services', 'Pricing']"
102,"['Review Page', 'Services', 'FAQ', 'Pricing', 'Blog']"
103,"['Services', 'Contact Us', 'Pricing', 'Product Page', 'Homepage']"
104,"['Signup', 'Product Page', 'Review Page']"
105,"['Homepage', 'Checkout', 'Product Page', 'Blog', 'Pricing']"
106,"['Signup', 'Review Page', 'Product Page']"
107,"['Checkout', 'Services', 'Product Page', 'Homepage']"
108,"['Contact Us', 'Review Page', 'FAQ']"
109,"['Blog', 'Homepage', 'Signup']"
110,"['Cart', 'Signup']"
111,"['Product Page', 'Review Page', 'Homepage', 'Cart']"
112,"['Pricing', 'Product Page', 'Review Page', 'Contact Us', 'Cart']"
113,"['Blog', 'FAQ']"
114,"['Blog', 'FAQ', 'Cart', 'Contact Us']"
115,"['FAQ', 'Pricing']"
116,"['Cart', 'Homepage', 'Services']"
117,"['Product Page', 'Blog', 'Pricing', 'Contact Us']"
118,"['Review Page', 'Blog', 'Checkout', 'Homepage', 'FAQ']"
119,"['Blog', 'Contact Us', 'Product Page', 'Services', 'Signup']"
120,"['Pricing', 'Product Page', 'Contact Us']"
121,"['FAQ', 'Cart', 'Pricing']"
122,"['Signup', 'Checkout', 'Blog', 'Product Page']"
123,"['Checkout', 'Pricing', 'Blog']"
124,"['Product Page', 'Review Page', 'Checkout', 'Signup']"
125,"['Services', 'Review Page', 'Contact Us', 'FAQ', 'Product Page']"
126,"['Blog', 'Services']"
127,"['Homepage', 'Checkout', 'Pricing', 'Product Page', 'Review Page']"
128,"['Review Page', 'Homepage', 'Blog', 'Cart']"
129,"['Contact Us', 'FAQ', 'Review Page', 'Homepage']"
130,"['Pricing', 'Blog', 'Services', 'Review Page']"
131,"['Blog', 'Contact Us', 'Checkout', 'Pricing', 'Product Page']"
132,"['Services', 'Homepage', 'Cart', 'Signup']"
133,"['FAQ', 'Product Page', 'Review Page', 'Signup']"
134,"['Pricing', 'Homepage', 'FAQ']"
135,"['Checkout', 'Blog', 'Signup', 'Review Page', 'Cart']"
136,"['Signup', 'Cart']"
137,"['Services', 'Cart', 'Contact Us', 'Product Page', 'Review Page']"
138,"['Cart', 'Services', 'Homepage', 'Pricing']"
139,"['FAQ', 'Review Page', 'Homepage', 'Pricing', 'Services']"
140,"['Cart', 'Blog']"
141,"['Cart', 'Review Page', 'Pricing', 'Blog']"
142,"['Cart', 'Checkout', 'Blog', 'Pricing']"
143,"['Checkout', 'Pricing', 'Services', 'FAQ']"
144,"['Checkout', 'Cart', 'Blog', 'Product Page']"
145,"['Homepage', 'FAQ', 'Pricing']"
146,"['FAQ', 'Services', 'Signup']"
147,"['Review Page', 'Contact Us', 'Cart', 'Checkout']"
148,"['Contact Us', 'Pricing', 'Review Page']"
149,"['Checkout', 'Signup', 'Services']"
150,"['Blog', 'Homepage']"
151,"['Homepage', 'Contact Us', 'FAQ']"
152,"['Blog', 'FAQ', 'Product Page', 'Contact Us', 'Review Page']"
153,"['FAQ', 'Cart', 'Services', 'Signup']"
154,"['Product Page', 'Pricing', 'Blog']"
155,"['Blog', 'Pricing', 'FAQ', 'Services']"
156,"['Blog', 'Signup', 'Review Page', 'Cart', 'Homepage']"
157,"['FAQ', 'Homepage', 'Blog', 'Product Page', 'Cart']"
158,"['Pricing', 'Product Page', 'Homepage']"
159,"['FAQ', 'Services', 'Cart', 'Pricing', 'Signup']"
160,"['Product Page', 'FAQ', 'Review Page']"
161,"['Homepage', 'Contact Us', 'FAQ']"
162,"['Checkout', 'FAQ']"
163,"['Checkout', 'Homepage']"
164,"['Blog', 'Services', 'Product Page']"
165,"['Product Page', 'Cart', 'Blog', 'Contact Us']"
166,"['Signup', 'Checkout', 'Contact Us']"
167,"['Product Page', 'Services', 'Review Page']"
168,"['Contact Us', 'Product Page', 'Pricing']"
169,"['Services', 'Checkout', 'Contact Us', 'Blog', 'Product Page']"
170,"['Contact Us', 'Product Page', 'Signup', 'Review Page']"
171,"['Cart', 'Product Page', 'Contact Us', 'Review Page']"
172,"['Services', 'Blog', 'Checkout', 'Signup', 'Contact Us']"
173,"['Contact Us', 'Signup', 'Services']"
174,"['Homepage', 'Review Page', 'Checkout']"
175,"['Blog', 'Cart', 'Review Page', 'Product Page']"
176,"['Review Page', 'Signup', 'FAQ']"
177,"['Services', 'Pricing']"
178,"['Product Page', 'Review Page', 'Signup', 'Cart']"
179,"['Homepage', 'FAQ', 'Product Page', 'Signup']"
180,"['Review Page', 'Product Page']"
181,"['Cart', 'Review Page', 'Signup', 'Homepage']"
182,"['Pricing', 'Blog', 'Cart', 'Review Page', 'Checkout']"
183,"['Pricing', 'Services', 'Review Page', 'Product Page']"
184,"['Checkout', 'Contact Us', 'Product Page']"
185,"['Signup', 'Blog', 'Review Page', 'Pricing']"
186,"['Signup', 'Blog', 'Review Page', 'Cart']"
187,"['Review Page', 'Signup']"
188,"['Pricing', 'Review Page', 'FAQ', 'Checkout']"
189,"['Review Page', 'Product Page', 'Contact Us', 'Pricing']"
190,"['Blog', 'Review Page']"
191,"['Blog', 'Checkout', 'Contact Us', 'Homepage', 'Pricing']"
192,"['Pricing', 'Services', 'Cart', 'Product Page', 'Signup']"
193,"['FAQ', 'Review Page', 'Checkout', 'Homepage']"
194,"['Contact Us', 'Cart', 'Pricing', 'Checkout']"
195,"['Services', 'Checkout', 'Contact Us', 'Blog', 'Signup']"
196,"['Product Page', 'Contact Us', 'Pricing', 'Signup', 'Review Page']"
197,"['Product Page', 'Pricing', 'Checkout', 'Blog']"
198,"['Signup', 'Pricing', 'Checkout', 'Services', 'Contact Us']"
199,"['Product Page', 'Blog', 'Services', 'FAQ']"
200,"['Contact Us', 'Review Page', 'Pricing', 'FAQ']"
201,"['Signup', 'Blog', 'Cart']"
202,"['Blog', 'Signup', 'Review Page', 'Contact Us']"
203,"['Signup', 'Homepage', 'Review Page', 'Product Page']"
204,"['Signup', 'Pricing']"
205,"['Signup', 'Blog', 'Services', 'Product Page']"
206,"['Homepage', 'Review Page', 'Blog', 'Pricing']"
207,"['Blog', 'FAQ', 'Review Page', 'Cart', 'Services']"
208,"['FAQ', 'Services', 'Checkout']"
209,"['Checkout', 'Review Page', 'Pricing', 'FAQ']"
210,"['Blog', 'Product Page', 'FAQ', 'Cart']"
211,"['Blog', 'Checkout', 'Signup', 'Pricing', 'Product Page']"
212,"['Cart', 'Review Page']"
213,"['Checkout', 'Signup', 'Homepage', 'Cart']"
214,"['Signup', 'Pricing', 'Services', 'Review Page']"
215,"['Services', 'Cart']"
216,"['Homepage', 'Checkout', 'Pricing', 'Cart']"
217,"['Homepage', 'Signup', 'Checkout', 'Product Page']"
218,"['Pricing', 'Homepage', 'Signup', 'Product Page']"
219,"['Services', 'Review Page', 'Checkout', 'Pricing']"
220,"['Contact Us', 'Cart', 'FAQ', 'Checkout']"
221,"['Signup', 'Pricing', 'Checkout']"
222,"['Product Page', 'Cart', 'Homepage']"
223,"['Checkout', 'Services', 'Cart', 'Homepage']"
224,"['Services', 'Review Page']"
225,"['Pricing', 'Contact Us', 'Review Page', 'Blog', 'FAQ']"
226,"['Contact Us', 'Signup', 'Pricing', 'Services']"
227,"['Homepage', 'Blog']"
228,"['Product Page', 'Homepage']"
229,"['Checkout', 'Review Page', 'Pricing', 'Cart']"
230,"['FAQ', 'Blog', 'Pricing']"
231,"['Review Page', 'Contact Us', 'Services', 'Homepage']"
232,"['Contact Us', 'FAQ', 'Cart']"
233,"['FAQ', 'Contact Us']"
234,"['Signup', 'Cart', 'Services']"
235,"['Cart', 'Review Page']"
236,"['Services', 'Product Page', 'Homepage']"
237,"['Signup', 'Review Page', 'Blog', 'Pricing', 'Product Page']"
238,"['Homepage', 'Services']"
239,"['Checkout', 'Contact Us', 'Homepage', 'Product Page', 'Review Page']"
240,"['Homepage', 'Checkout']"
241,"['Homepage', 'Contact Us', 'Product Page']"
242,"['Review Page', 'Homepage', 'Pricing', 'FAQ']"
243,"['Blog', 'Product Page', 'Contact Us']"
244,"['Services', 'Review Page']"
245,"['Product Page', 'FAQ', 'Homepage']"
246,"['Cart', 'Blog']"
247,"['Product Page', 'Review Page', 'Blog']"
248,"['Homepage', 'Blog', 'Cart', 'Product Page']"
249,"['Review Page', 'Blog', 'Cart']"
250,"['Homepage', 'Cart', 'Contact Us', 'Blog']"
251,"['Homepage', 'Pricing']"
252,"['Checkout', 'FAQ']"
253,"['Signup', 'Services']"
254,"['Signup', 'Checkout']"
255,"['FAQ', 'Services', 'Review Page', 'Pricing', 'Blog']"
256,"['Product Page', 'FAQ', 'Contact Us']"
257,"['FAQ', 'Checkout', 'Homepage', 'Review Page', 'Signup']"
258,"['Homepage', 'Cart', 'Blog']"
259,"['Cart', 'Signup']"
260,"['Services', 'Contact Us', 'Signup', 'Product Page', 'FAQ']"
261,"['Blog', 'Contact Us']"
262,"['Pricing', 'FAQ']"
263,"['Product Page', 'Services']"
264,"['Cart', 'Signup']"
265,"['FAQ', 'Services', 'Contact Us', 'Blog', 'Checkout']"
266,"['Blog', 'Pricing', 'Checkout', 'FAQ']"
267,"['Blog', 'Contact Us', 'Review Page']"
268,"['FAQ', 'Homepage', 'Pricing', 'Cart']"
269,"['Contact Us', 'Checkout', 'Cart', 'Blog']"
270,"['Blog', 'Pricing', 'Contact Us', 'Homepage', 'Signup']"
271,"['FAQ', 'Homepage', 'Contact Us']"
272,"['FAQ', 'Pricing', 'Review Page', 'Blog', 'Homepage']"
273,"['Pricing', 'Blog']"
274,"['Contact Us', 'Blog', 'Homepage']"
275,"['Pricing', 'FAQ', 'Blog', 'Checkout', 'Cart']"
276,"['Review Page', 'Signup', 'Pricing']"
277,"['Services', 'Homepage', 'Contact Us', 'Checkout', 'Cart']"
278,"['Blog', 'FAQ', 'Contact Us', 'Cart', 'Homepage']"
279,"['Homepage', 'Signup', 'Contact Us', 'Product Page']"
280,"['Checkout', 'Services', 'Review Page', 'Pricing']"
281,"['Cart', 'Services']"
282,"['Cart', 'Product Page', 'Services', 'Homepage', 'Blog']"
283,"['Checkout', 'Review Page', 'Homepage', 'Services', 'Signup']"
284,"['Signup', 'Contact Us', 'FAQ']"
285,"['Product Page', 'Review Page', 'Services', 'Homepage', 'Checkout']"
286,"['Checkout', 'Contact Us']"
287,"['Services', 'Blog', 'Cart', 'Product Page', 'Checkout']"
288,"['FAQ', 'Review Page', 'Blog', 'Pricing', 'Homepage']"
289,"['Signup', 'Services', 'Homepage', 'Review Page', 'Cart']"
290,"['Product Page', 'Blog', 'FAQ']"
291,"['Pricing', 'Product Page', 'Review Page', 'FAQ', 'Cart']"
292,"['FAQ', 'Cart', 'Product Page']"
293,"['Homepage', 'Product Page', 'Cart', 'Signup']"
294,"['Pricing', 'Blog']"
295,"['Product Page', 'FAQ', 'Services']"
296,"['Product Page', 'Review Page']"
297,"['Services', 'Blog', 'Contact Us']"
298,"['Services', 'Checkout']"
299,"['Review Page', 'Signup']"
300,"['Product Page', 'Contact Us', 'FAQ']"
301,"['Homepage', 'Pricing', 'Contact Us']"
302,"['Homepage', 'Pricing', 'Cart']"
303,"['Services', 'Blog', 'Checkout', 'FAQ', 'Cart']"
304,"['Cart', 'Checkout']"
305,"['FAQ', 'Pricing', 'Blog']"
306,"['Blog', 'Services', 'Homepage', 'Checkout']"
307,"['Checkout', 'Review Page']"
308,"['Checkout', 'Contact Us', 'Blog']"
309,"['FAQ', 'Pricing']"
310,"['Contact Us', 'Services', 'Checkout', 'FAQ', 'Homepage']"
311,"['Product Page', 'Checkout']"
312,"['Contact Us', 'Product Page']"
313,"['Product Page', 'Homepage', 'Signup']"
314,"['Product Page', 'Blog', 'FAQ', 'Services', 'Review Page']"
315,"['Cart', 'Blog', 'Signup', 'Checkout', 'Pricing']"
316,"['Review Page', 'Signup', 'FAQ', 'Blog', 'Checkout']"
317,"['FAQ', 'Checkout', 'Blog']"
318,"['Signup', 'Services', 'Blog', 'Review Page']"
319,"['Cart', 'Product Page', 'Homepage', 'Contact Us', 'Signup']"
320,"['Cart', 'Review Page', 'Blog', 'FAQ']"
321,"['Blog', 'Checkout', 'Homepage', 'Contact Us', 'FAQ']"
322,"['Blog', 'Services', 'Pricing', 'Product Page']"
323,"['Services', 'Product Page', 'Cart', 'Review Page']"
324,"['Review Page', 'Homepage', 'Blog', 'Checkout', 'Contact Us']"
325,"['Cart', 'Services', 'Pricing']"
326,"['Contact Us', 'Services', 'Cart', 'Pricing', 'Review Page']"
327,"['Homepage', 'Review Page', 'Blog']"
328,"['Services', 'Blog']"
329,"['Services', 'Blog', 'Pricing', 'Cart', 'Contact Us']"
330,"['FAQ', 'Review Page']"
331,"['Checkout', 'Review Page']"
332,"['Product Page', 'Pricing', 'Signup']"
333,"['Blog', 'FAQ', 'Pricing', 'Services', 'Contact Us']"
334,"['Checkout', 'Review Page', 'Contact Us']"
335,"['Cart', 'Pricing', 'Services']"
336,"['Checkout', 'Product Page']"
337,"['Services', 'Pricing', 'FAQ', 'Product Page', 'Blog']"
338,"['Checkout', 'FAQ']"
339,"['Cart', 'Signup']"
340,"['Homepage', 'Blog']"
341,"['Checkout', 'Pricing', 'Product Page', 'Cart']"
342,"['Blog', 'Pricing', 'Checkout', 'Signup', 'Review Page']"
343,"['Checkout', 'Services']"
344,"['Homepage', 'Contact Us']"
345,"['Blog', 'Pricing']"
346,"['Pricing', 'Services']"
347,"['Pricing', 'Blog', 'Cart']"
348,"['Checkout', 'Services', 'Blog', 'Cart', 'FAQ']"
349,"['Product Page', 'Blog', 'Contact Us']"
350,"['Blog', 'Signup', 'Checkout', 'Product Page', 'Pricing']"
351,"['Services', 'Review Page']"
352,"['Cart', 'Homepage', 'FAQ', 'Review Page']"
353,"['Blog', 'FAQ', 'Pricing', 'Product Page']"
354,"['FAQ', 'Checkout', 'Review Page']"
355,"['Blog', 'Checkout', 'Services']"
356,"['Blog', 'FAQ', 'Product Page', 'Cart', 'Signup']"
357,"['Checkout', 'Services', 'Product Page']"
358,"['Review Page', 'Contact Us', 'Pricing', 'FAQ']"
359,"['Contact Us', 'Blog', 'Services', 'Product Page', 'Signup']"
360,"['Product Page', 'Signup', 'Services', 'Review Page']"
361,"['Signup', 'Pricing', 'FAQ']"
362,"['Homepage', 'Checkout']"
363,"['Pricing', 'Product Page']"
364,"['Checkout', 'Pricing', 'Contact Us', 'Services']"
365,"['Blog', 'Signup']"
366,"['Cart', 'Review Page']"
367,"['Checkout', 'Contact Us', 'Services', 'Review Page']"
368,"['FAQ', 'Product Page', 'Cart', 'Review Page']"
369,"['Product Page', 'Cart', 'FAQ', 'Blog']"
370,"['Services', 'FAQ', 'Pricing']"
371,"['Cart', 'Homepage', 'Pricing', 'Signup', 'Review Page']"
372,"['Product Page', 'Pricing', 'FAQ', 'Blog', 'Cart']"
373,"['Product Page', 'Homepage', 'Services', 'Review Page', 'Signup']"
374,"['Signup', 'Pricing', 'FAQ', 'Services', 'Checkout']"
375,"['Services', 'Homepage', 'Review Page', 'Blog']"
376,"['Signup', 'Product Page', 'Pricing', 'Homepage', 'Contact Us']"
377,"['Homepage', 'Cart', 'Services']"
378,"['FAQ', 'Blog', 'Checkout', 'Services']"
379,"['Signup', 'Cart', 'FAQ', 'Product Page', 'Contact Us']"
380,"['Cart', 'Contact Us']"
381,"['Pricing', 'Cart', 'Review Page', 'Contact Us']"
382,"['Product Page', 'Services', 'Homepage', 'Blog', 'Signup']"
383,"['Blog', 'Product Page', 'Cart', 'Contact Us', 'Signup']"
384,"['Cart', 'Contact Us', 'Product Page', 'Blog', 'Homepage']"
385,"['Homepage', 'FAQ', 'Checkout', 'Blog', 'Contact Us']"
386,"['Signup', 'FAQ', 'Checkout', 'Cart']"
387,"['Homepage', 'Review Page']"
388,"['Pricing', 'FAQ', 'Checkout', 'Contact Us']"
389,"['Checkout', 'Homepage', 'Cart']"
390,"['Cart', 'Product Page', 'Review Page']"
391,"['Homepage', 'Product Page', 'Pricing']"
392,"['Services', 'Checkout']"
393,"['Cart', 'Blog', 'Product Page']"
394,"['Review Page', 'Checkout']"
395,"['Product Page', 'Contact Us', 'Cart', 'Blog', 'Services']"
396,"['Product Page', 'Blog', 'Homepage']"
397,"['Product Page', 'Services']"
398,"['Services', 'Homepage', 'Product Page', 'FAQ', 'Signup']"
399,"['Homepage', 'Services', 'Pricing', 'FAQ', 'Cart']"
400,"['Checkout', 'Pricing', 'Cart']"
401,"['Review Page', 'Checkout', 'FAQ', 'Homepage']"
402,"['Blog', 'Pricing']"
403,"['Checkout', 'Services', 'Signup', 'FAQ', 'Pricing']"
404,"['Contact Us', 'Pricing', 'Review Page', 'Services']"
405,"['Cart', 'Homepage']"
406,"['Review Page', 'Pricing', 'Signup', 'Checkout', 'Homepage']"
407,"['Product Page', 'FAQ']"
408,"['Contact Us', 'Cart', 'Review Page', 'Homepage', 'FAQ']"
409,"['Signup', 'Services', 'Product Page', 'Blog', 'Review Page']"
410,"['Cart', 'Signup', 'FAQ', 'Pricing']"
411,"['Services', 'FAQ', 'Review Page', 'Product Page']"
412,"['Pricing', 'Contact Us', 'FAQ', 'Homepage', 'Cart']"
413,"['Contact Us', 'Blog', 'Product Page', 'Checkout']"
414,"['Checkout', 'Contact Us', 'FAQ']"
415,"['Cart', 'Homepage']"
416,"['Product Page', 'Services', 'Pricing', 'Review Page', 'Checkout']"
417,"['Homepage', 'FAQ']"
418,"['FAQ', 'Contact Us', 'Pricing', 'Checkout']"
419,"['Pricing', 'Homepage', 'Services']"
420,"['Contact Us', 'Cart', 'Services', 'Review Page']"
421,"['Pricing', 'Cart', 'Contact Us', 'Checkout']"
422,"['Signup', 'Product Page']"
423,"['Blog', 'Services', 'Homepage']"
424,"['Checkout', 'Signup', 'Pricing', 'Blog']"
425,"['Cart', 'Checkout', 'Homepage', 'Blog', 'FAQ']"
426,"['Review Page', 'FAQ', 'Signup', 'Checkout']"
427,"['Cart', 'Contact Us']"
428,"['Cart', 'Checkout', 'FAQ', 'Contact Us', 'Review Page']"
429,"['Signup', 'Contact Us']"
430,"['Contact Us', 'Checkout', 'Pricing', 'FAQ', 'Cart']"
431,"['Homepage', 'Services']"
432,"['Homepage', 'Signup', 'Checkout']"
433,"['Product Page', 'Blog']"
434,"['Product Page', 'Blog', 'Pricing']"
435,"['Pricing', 'Blog']"
436,"['Signup', 'Product Page', 'Blog']"
437,"['Signup', 'Services']"
438,"['FAQ', 'Signup']"
439,"['Contact Us', 'Pricing', 'Product Page']"
440,"['Signup', 'Contact Us']"
441,"['Product Page', 'Contact Us', 'Signup']"
442,"['Blog', 'Product Page', 'Contact Us', 'FAQ']"
443,"['Cart', 'Blog', 'Homepage', 'Pricing', 'FAQ']"
444,"['Cart', 'Signup', 'Checkout']"
445,"['Services', 'Product Page', 'Pricing', 'Checkout']"
446,"['Checkout', 'Services', 'Cart', 'Product Page']"
447,"['Pricing', 'Blog']"
448,"['Cart', 'Pricing', 'Homepage']"
449,"['Blog', 'Homepage', 'FAQ', 'Contact Us', 'Signup']"
450,"['Product Page', 'Homepage', 'Contact Us', 'Blog', 'Cart']"
451,"['Cart', 'Checkout', 'Homepage']"
452,"['Blog', 'Services', 'Contact Us', 'Checkout', 'Homepage']"
453,"['Cart', 'Product Page']"
454,"['Homepage', 'Pricing', 'Services', 'Blog']"
455,"['Contact Us', 'FAQ', 'Review Page', 'Pricing']"
456,"['Pricing', 'Contact Us', 'Product Page', 'Services', 'FAQ']"
457,"['Homepage', 'Blog', 'Pricing']"
458,"['Contact Us', 'Product Page', 'Checkout']"
459,"['Contact Us', 'Checkout']"
460,"['Contact Us', 'Checkout', 'Cart', 'Homepage', 'Blog']"
461,"['Cart', 'Blog', 'Contact Us', 'Product Page', 'Pricing']"
462,"['Cart', 'FAQ', 'Contact Us', 'Homepage']"
463,"['Cart', 'Review Page', 'Homepage']"
464,"['Checkout', 'Pricing', 'Review Page', 'Blog', 'Signup']"
465,"['Pricing', 'Signup', 'Cart']"
466,"['Product Page', 'Checkout', 'Review Page', 'Signup']"
467,"['Review Page', 'FAQ', 'Homepage']"
468,"['Checkout', 'FAQ', 'Services', 'Blog', 'Review Page']"
469,"['Contact Us', 'FAQ', 'Homepage', 'Product Page']"
470,"['Checkout', 'FAQ', 'Review Page']"
471,"['Review Page', 'Contact Us', 'Blog', 'Signup', 'Homepage']"
472,"['Blog', 'Contact Us', 'Review Page']"
473,"['Review Page', 'Blog', 'Product Page']"
474,"['Cart', 'Contact Us', 'Homepage', 'Product Page']"
475,"['Contact Us', 'Checkout']"
476,"['Cart', 'Services', 'Checkout']"
477,"['Signup', 'Product Page']"
478,"['Homepage', 'Review Page', 'Services', 'Checkout', 'Cart']"
479,"['Cart', 'Review Page']"
480,"['Services', 'Checkout', 'Review Page', 'Product Page', 'Homepage']"
481,"['Signup', 'FAQ', 'Product Page', 'Checkout', 'Contact Us']"
482,"['Blog', 'FAQ', 'Homepage']"
483,"['Pricing', 'Checkout', 'Services', 'Signup']"
484,"['Pricing', 'Review Page']"
485,"['Contact Us', 'Product Page', 'Cart', 'FAQ']"
486,"['Blog', 'Pricing']"
487,"['FAQ', 'Blog', 'Contact Us']"
488,"['Review Page', 'Homepage', 'Blog']"
489,"['Homepage', 'FAQ', 'Services', 'Product Page', 'Checkout']"
490,"['Checkout', 'Product Page', 'Pricing', 'Review Page', 'Contact Us']"
491,"['Signup', 'FAQ', 'Contact Us']"
492,"['Cart', 'Checkout', 'Services', 'Contact Us']"
493,"['Review Page', 'FAQ', 'Checkout', 'Homepage']"
494,"['Cart', 'Blog', 'Pricing', 'Contact Us', 'Review Page']"
495,"['Blog', 'Services', 'Checkout']"
496,"['Pricing', 'Blog']"
497,"['Homepage', 'Cart', 'Services', 'Pricing']"
498,"['Contact Us', 'Pricing', 'Checkout']"
499,"['Signup', 'Cart', 'Checkout', 'Services', 'Contact Us']"
500,"['Homepage', 'Blog', 'Product Page', 'Cart']"
501,"['Pricing', 'Cart', 'FAQ', 'Homepage', 'Blog']"
502,"['Homepage', 'Blog', 'Services']"
503,"['Product Page', 'Checkout', 'Cart']"
504,"['FAQ', 'Cart', 'Blog', 'Product Page']"
505,"['Contact Us', 'Services', 'Checkout']"
506,"['Review Page', 'Services', 'Blog', 'Checkout', 'Homepage']"
507,"['Signup', 'FAQ', 'Contact Us', 'Services', 'Review Page']"
508,"['Cart', 'Review Page', 'Blog']"
509,"['Services', 'Blog', 'Signup', 'Product Page', 'Contact Us']"
510,"['Cart', 'Services', 'Pricing']"
511,"['Cart', 'Contact Us', 'Blog']"
512,"['Signup', 'Contact Us']"
513,"['Review Page', 'Checkout', 'Signup']"
514,"['Services', 'FAQ', 'Review Page']"
515,"['Pricing', 'Signup']"
516,"['Contact Us', 'Product Page', 'FAQ']"
517,"['Blog', 'Pricing', 'Cart']"
518,"['Blog', 'FAQ', 'Product Page', 'Checkout', 'Signup']"
519,"['Checkout', 'Pricing', 'FAQ']"
520,"['Contact Us', 'Pricing', 'Blog', 'FAQ']"
521,"['Homepage', 'Checkout', 'Contact Us', 'Review Page', 'Pricing']"
522,"['Review Page', 'Product Page', 'Services', 'Signup']"
523,"['Checkout', 'Product Page', 'Pricing']"
524,"['Pricing', 'Checkout', 'Signup', 'Product Page', 'FAQ']"
525,"['FAQ', 'Cart', 'Blog', 'Review Page', 'Pricing']"
526,"['Services', 'Signup', 'Product Page']"
527,"['Cart', 'Contact Us', 'Homepage', 'FAQ', 'Checkout']"
528,"['Review Page', 'Homepage', 'Product Page']"
529,"['Contact Us', 'Checkout', 'Cart', 'FAQ', 'Signup']"
530,"['Checkout', 'Services']"
531,"['Homepage', 'Pricing']"
532,"['Services', 'FAQ', 'Signup', 'Pricing']"
533,"['Product Page', 'Homepage']"
534,"['Homepage', 'FAQ', 'Contact Us', 'Product Page']"
535,"['Pricing', 'Signup', 'Review Page', 'Product Page']"
536,"['FAQ', 'Cart', 'Signup', 'Blog']"
537,"['Signup', 'Checkout', 'Pricing', 'Contact Us', 'Cart']"
538,"['Cart', 'Review Page']"
539,"['Product Page', 'Review Page', 'Services']"
540,"['Services', 'Cart']"
541,"['Pricing', 'Checkout', 'Contact Us', 'Services', 'Signup']"
542,"['Signup', 'Pricing']"
543,"['Checkout', 'FAQ', 'Product Page', 'Signup']"
544,"['Blog', 'Cart', 'Signup', 'Homepage', 'Product Page']"
545,"['Services', 'Product Page', 'Pricing']"
546,"['Services', 'Homepage', 'Pricing']"
547,"['Checkout', 'Blog', 'Product Page', 'FAQ']"
548,"['Cart', 'Review Page', 'Checkout', 'Services', 'FAQ']"
549,"['Blog', 'FAQ']"
550,"['Cart', 'Services', 'Checkout', 'FAQ', 'Product Page']"
551,"['FAQ', 'Contact Us', 'Pricing']"
552,"['Review Page', 'Product Page', 'FAQ', 'Checkout', 'Pricing']"
553,"['Review Page', 'FAQ', 'Signup', 'Cart', 'Pricing']"
554,"['Homepage', 'Pricing', 'Review Page']"
555,"['Pricing', 'Cart', 'Blog']"
556,"['Checkout', 'Review Page']"
557,"['Checkout', 'FAQ']"
558,"['Product Page', 'Blog']"
559,"['Checkout', 'FAQ']"
560,"['Homepage', 'Product Page']"
561,"['FAQ', 'Homepage', 'Signup']"
562,"['Contact Us', 'Cart']"
563,"['FAQ', 'Cart', 'Blog']"
564,"['Signup', 'Cart', 'Product Page']"
565,"['Homepage', 'FAQ', 'Review Page', 'Services']"
566,"['Product Page', 'Signup']"
567,"['Product Page', 'Pricing', 'Contact Us', 'Homepage', 'Review Page']"
568,"['Pricing', 'Contact Us']"
569,"['Checkout', 'Product Page', 'Cart']"
570,"['FAQ', 'Review Page', 'Checkout']"
571,"['Contact Us', 'Services', 'Signup', 'Review Page', 'Product Page']"
572,"['Signup', 'Contact Us']"
573,"['Checkout', 'Homepage', 'Review Page']"
574,"['Product Page', 'Signup', 'Review Page', 'Services']"
575,"['Product Page', 'Blog', 'Services']"
576,"['FAQ', 'Review Page']"
577,"['Checkout', 'Blog']"
578,"['Cart', 'Contact Us', 'Checkout', 'Review Page']"
579,"['Pricing', 'FAQ']"
580,"['Cart', 'Pricing']"
581,"['Homepage', 'Review Page']"
582,"['FAQ', 'Pricing', 'Signup', 'Blog']"
583,"['Pricing', 'Review Page']"
584,"['Homepage', 'Product Page', 'Cart']"
585,"['Homepage', 'Blog', 'Cart', 'Checkout']"
586,"['Homepage', 'Contact Us', 'Blog']"
587,"['Contact Us', 'Review Page', 'Pricing', 'Product Page']"
588,"['Contact Us', 'Checkout', 'Cart', 'Pricing']"
589,"['Blog', 'Pricing', 'Product Page', 'Homepage', 'Services']"
590,"['FAQ', 'Blog', 'Services']"
591,"['Signup', 'FAQ', 'Checkout', 'Product Page']"
592,"['Services', 'Cart', 'Homepage']"
593,"['FAQ', 'Blog']"
594,"['Services', 'FAQ', 'Blog', 'Review Page']"
595,"['Signup', 'Homepage', 'Blog', 'Cart', 'Product Page']"
596,"['Checkout', 'Services', 'Homepage', 'Contact Us', 'Blog']"
597,"['Product Page', 'Checkout', 'Services', 'Blog']"
598,"['Services', 'Product Page']"
599,"['Review Page', 'Services', 'Checkout', 'FAQ', 'Blog']"
600,"['Homepage', 'Product Page', 'FAQ', 'Pricing']"
601,"['Product Page', 'Pricing', 'Signup', 'Blog']"
602,"['Product Page', 'Contact Us', 'Checkout', 'Signup', 'Blog']"
603,"['Blog', 'Review Page', 'Checkout', 'Product Page', 'Signup']"
604,"['Services', 'Blog']"
605,"['Checkout', 'Cart']"
606,"['Blog', 'Services', 'Review Page', 'Contact Us']"
607,"['Contact Us', 'Product Page']"
608,"['Cart', 'Product Page', 'Services', 'Pricing']"
609,"['Signup', 'Cart', 'Homepage', 'FAQ', 'Checkout']"
610,"['Homepage', 'Services']"
611,"['Services', 'Blog', 'Pricing', 'FAQ', 'Review Page']"
612,"['FAQ', 'Contact Us']"
613,"['Services', 'Pricing', 'Blog', 'FAQ']"
614,"['Services', 'Signup']"
615,"['Product Page', 'Pricing']"
616,"['Product Page', 'Pricing', 'Signup', 'Review Page', 'Checkout']"
617,"['Cart', 'Review Page', 'Services', 'Pricing']"
618,"['Pricing', 'Homepage', 'Blog', 'Services', 'Checkout']"
619,"['Checkout', 'Homepage', 'Cart']"
620,"['Services', 'Contact Us']"
621,"['Blog', 'Cart']"
622,"['Homepage', 'Review Page', 'Services', 'Cart', 'Product Page']"
623,"['Review Page', 'Contact Us', 'Signup', 'Blog', 'Checkout']"
624,"['Checkout', 'Blog', 'Cart']"
625,"['Signup', 'Homepage']"
626,"['Contact Us', 'Product Page', 'Services']"
627,"['Signup', 'Product Page', 'Homepage', 'Services', 'Blog']"
628,"['FAQ', 'Signup', 'Checkout']"
629,"['FAQ', 'Cart', 'Product Page']"
630,"['Contact Us', 'Services', 'FAQ', 'Checkout', 'Pricing']"
631,"['Blog', 'Cart']"
632,"['Checkout', 'Blog', 'Product Page', 'Homepage', 'Cart']"
633,"['Blog', 'Cart', 'FAQ', 'Pricing']"
634,"['Contact Us', 'Homepage', 'Cart', 'Services', 'FAQ']"
635,"['Blog', 'Services']"
636,"['Cart', 'Homepage', 'Review Page', 'Pricing']"
637,"['Homepage', 'FAQ', 'Signup', 'Checkout']"
638,"['Pricing', 'Homepage']"
639,"['Checkout', 'Homepage', 'Product Page']"
640,"['Pricing', 'Cart']"
641,"['Review Page', 'Pricing', 'Contact Us', 'Homepage', 'Product Page']"
642,"['Signup', 'Blog', 'Cart', 'Pricing', 'Services']"
643,"['Services', 'Cart', 'Product Page', 'Contact Us']"
644,"['Pricing', 'Cart', 'Signup', 'Review Page', 'Homepage']"
645,"['Review Page', 'Contact Us', 'Product Page', 'Homepage']"
646,"['Signup', 'Contact Us', 'Checkout']"
647,"['Services', 'Blog', 'Contact Us']"
648,"['Pricing', 'Contact Us', 'Blog', 'Homepage']"
649,"['Services', 'Signup', 'FAQ', 'Product Page']"
650,"['Signup', 'Checkout', 'Contact Us']"
651,"['Signup', 'Product Page']"
652,"['FAQ', 'Checkout', 'Signup', 'Pricing', 'Cart']"
653,"['Contact Us', 'Services', 'FAQ', 'Pricing']"
654,"['Services', 'Pricing']"
655,"['Homepage', 'Blog', 'Services']"
656,"['Contact Us', 'FAQ', 'Homepage']"
657,"['Homepage', 'Product Page', 'Checkout', 'Services', 'Blog']"
658,"['Checkout', 'Signup', 'Contact Us']"
659,"['Cart', 'Homepage', 'Services', 'Review Page', 'Contact Us']"
660,"['Cart', 'Pricing', 'Services', 'Homepage', 'Review Page']"
661,"['Pricing', 'FAQ']"
662,"['Blog', 'Homepage']"
663,"['Signup', 'Pricing']"
664,"['Blog', 'Signup', 'Review Page', 'Pricing', 'Homepage']"
665,"['FAQ', 'Blog', 'Signup']"
666,"['Product Page', 'Pricing', 'Contact Us', 'Homepage', 'Blog']"
667,"['Signup', 'Blog']"
668,"['Contact Us', 'Cart', 'Review Page', 'Product Page']"
669,"['Signup', 'Product Page', 'Checkout']"
670,"['Pricing', 'Product Page', 'Checkout']"
671,"['Pricing', 'FAQ', 'Blog', 'Review Page']"
672,"['Cart', 'Blog', 'Services', 'Homepage', 'Signup']"
673,"['Product Page', 'Services', 'FAQ']"
674,"['Homepage', 'Review Page', 'Checkout', 'Contact Us']"
675,"['Services', 'Cart']"
676,"['Blog', 'Services', 'Signup']"
677,"['Pricing', 'FAQ', 'Contact Us']"
678,"['Contact Us', 'Services']"
679,"['Contact Us', 'Product Page', 'Cart', 'FAQ', 'Homepage']"
680,"['Services', 'Review Page', 'Cart', 'Homepage', 'Signup']"
681,"['Review Page', 'Pricing']"
682,"['Checkout', 'Homepage', 'Blog', 'Cart', 'FAQ']"
683,"['Product Page', 'FAQ', 'Contact Us', 'Blog', 'Pricing']"
684,"['Checkout', 'FAQ', 'Product Page', 'Signup', 'Review Page']"
685,"['Checkout', 'Pricing', 'Cart', 'FAQ', 'Contact Us']"
686,"['Pricing', 'Checkout']"
687,"['Services', 'Contact Us', 'Homepage', 'Blog']"
688,"['Checkout', 'Pricing', 'Product Page']"
689,"['Review Page', 'Homepage', 'FAQ']"
690,"['Homepage', 'Pricing', 'FAQ']"
691,"['Review Page', 'Pricing', 'Contact Us', 'FAQ']"
692,"['FAQ', 'Signup']"
693,"['Pricing', 'Services', 'Product Page', 'Checkout', 'Contact Us']"
694,"['Services', 'Review Page', 'Checkout']"
695,"['Product Page', 'Signup']"
696,"['Cart', 'Product Page', 'Blog', 'Contact Us', 'FAQ']"
697,"['Homepage', 'Services', 'Blog', 'Product Page']"
698,"['Services', 'Blog', 'Contact Us', 'Homepage', 'Pricing']"
699,"['Cart', 'Contact Us', 'Checkout']"
700,"['Homepage', 'Services']"
701,"['Review Page', 'Contact Us', 'Checkout', 'Cart', 'Homepage']"
702,"['Review Page', 'Blog', 'FAQ', 'Contact Us', 'Signup']"
703,"['Review Page', 'Product Page', 'FAQ']"
704,"['Contact Us', 'Pricing', 'Services']"
705,"['Cart', 'Services', 'Homepage', 'Contact Us', 'Signup']"
706,"['Signup', 'Contact Us', 'Checkout', 'Pricing']"
707,"['Cart', 'Product Page']"
708,"['Product Page', 'Contact Us', 'Services', 'Checkout', 'Homepage']"
709,"['Homepage', 'Contact Us']"
710,"['Contact Us', 'Pricing', 'Checkout']"
711,"['Cart', 'Pricing', 'Signup']"
712,"['Homepage', 'Review Page', 'FAQ', 'Signup']"
713,"['Services', 'Pricing']"
714,"['Blog', 'Signup', 'Cart', 'Review Page', 'Checkout']"
715,"['Product Page', 'Checkout', 'FAQ']"
716,"['Homepage', 'Checkout', 'Services', 'Review Page']"
717,"['Signup', 'Contact Us', 'Homepage']"
718,"['Contact Us', 'Signup', 'Product Page']"
719,"['Review Page', 'Product Page', 'Signup', 'Cart', 'Contact Us']"
720,"['Review Page', 'Product Page', 'Signup']"
721,"['FAQ', 'Checkout', 'Signup']"
722,"['Contact Us', 'Signup']"
723,"['Homepage', 'Checkout', 'Signup']"
724,"['Blog', 'Services', 'Contact Us', 'Product Page']"
725,"['Signup', 'Blog', 'Review Page', 'Contact Us']"
726,"['Checkout', 'Product Page', 'Pricing', 'FAQ', 'Cart']"
727,"['Homepage', 'FAQ', 'Pricing', 'Services']"
728,"['Product Page', 'Blog']"
729,"['Signup', 'Blog']"
730,"['Contact Us', 'Homepage', 'Pricing', 'Checkout']"
731,"['Services', 'Signup']"
732,"['FAQ', 'Contact Us']"
733,"['Cart', 'Contact Us', 'Services', 'Review Page']"
734,"['Blog', 'FAQ', 'Cart']"
735,"['Product Page', 'Services', 'Homepage', 'Signup', 'FAQ']"
736,"['Services', 'Pricing']"
737,"['Pricing', 'Services']"
738,"['Checkout', 'Blog', 'Pricing']"
739,"['Review Page', 'Blog', 'Cart', 'Signup', 'Checkout']"
740,"['Checkout', 'Contact Us', 'Homepage', 'Signup']"
741,"['Services', 'Homepage', 'Review Page', 'Pricing', 'Checkout']"
742,"['Cart', 'FAQ', 'Blog', 'Pricing']"
743,"['Cart', 'Services', 'Blog', 'Review Page', 'Product Page']"
744,"['Product Page', 'Checkout']"
745,"['Cart', 'Product Page', 'Homepage', 'FAQ']"
746,"['Blog', 'Contact Us']"
747,"['Blog', 'Contact Us', 'Cart', 'Pricing']"
748,"['Services', 'Signup', 'Pricing', 'Checkout']"
749,"['FAQ', 'Review Page', 'Contact Us', 'Cart', 'Product Page']"
750,"['Cart', 'Homepage', 'Review Page', 'Services', 'Checkout']"
751,"['Checkout', 'Product Page', 'Cart']"
752,"['Pricing', 'FAQ', 'Checkout']"
753,"['Checkout', 'Blog', 'Signup', 'Contact Us', 'Services']"
754,"['Homepage', 'Pricing', 'Cart', 'FAQ']"
755,"['Checkout', 'Cart', 'Product Page', 'Blog']"
756,"['Contact Us', 'Blog', 'Signup']"
757,"['Cart', 'Review Page']"
758,"['Checkout', 'Review Page']"
759,"['Product Page', 'Homepage', 'Checkout', 'Pricing']"
760,"['Checkout', 'Review Page', 'Homepage', 'Cart', 'Signup']"
761,"['Signup', 'Blog', 'Checkout', 'Services']"
762,"['Homepage', 'Contact Us', 'Cart', 'Signup', 'Blog']"
763,"['Pricing', 'Product Page', 'Services']"
764,"['Blog', 'Pricing']"
765,"['Signup', 'Contact Us', 'Product Page', 'Homepage']"
766,"['Homepage', 'Contact Us', 'Signup', 'Pricing', 'Blog']"
767,"['Signup', 'Homepage', 'Review Page', 'Product Page']"
768,"['Pricing', 'Checkout', 'FAQ', 'Contact Us', 'Cart']"
769,"['Homepage', 'Cart', 'Blog']"
770,"['Signup', 'Review Page']"
771,"['Blog', 'Contact Us', 'Checkout', 'Product Page', 'Cart']"
772,"['FAQ', 'Review Page', 'Contact Us', 'Cart', 'Pricing']"
773,"['Services', 'Review Page']"
774,"['Pricing', 'Signup', 'Product Page', 'Contact Us']"
775,"['FAQ', 'Blog', 'Review Page']"
776,"['Homepage', 'Signup', 'Contact Us']"
777,"['Pricing', 'FAQ', 'Services', 'Review Page']"
778,"['Blog', 'Pricing', 'Checkout', 'Contact Us', 'Services']"
779,"['Pricing', 'Signup']"
780,"['Checkout', 'Review Page', 'Blog', 'Cart', 'Signup']"
781,"['FAQ', 'Signup', 'Checkout']"
782,"['Product Page', 'Cart', 'Services']"
783,"['Blog', 'FAQ', 'Pricing', 'Checkout']"
784,"['FAQ', 'Homepage', 'Signup', 'Pricing']"
785,"['Product Page', 'Review Page', 'Pricing', 'Homepage']"
786,"['Cart', 'Signup', 'Review Page', 'Services']"
787,"['Review Page', 'Signup']"
788,"['Review Page', 'Homepage']"
789,"['Blog', 'FAQ', 'Signup', 'Pricing', 'Checkout']"
790,"['Checkout', 'Pricing']"
791,"['Product Page', 'Checkout', 'Blog']"
792,"['FAQ', 'Signup', 'Product Page']"
793,"['Blog', 'Review Page', 'Cart', 'Contact Us']"
794,"['Review Page', 'Cart', 'Services', 'FAQ']"
795,"['Blog', 'Contact Us']"
796,"['Pricing', 'Review Page']"
797,"['Product Page', 'Contact Us']"
798,"['Blog', 'Contact Us', 'Product Page', 'FAQ', 'Services']"
799,"['Signup', 'FAQ', 'Services', 'Homepage', 'Review Page']"
800,"['Checkout', 'Services']"
801,"['Cart', 'Checkout', 'Homepage', 'Pricing', 'Signup']"
802,"['Product Page', 'Signup', 'Contact Us', 'Cart', 'Review Page']"
803,"['Services', 'Checkout', 'Homepage', 'Pricing']"
804,"['Product Page', 'Cart', 'Pricing', 'Homepage']"
805,"['Pricing', 'Services']"
806,"['FAQ', 'Homepage', 'Blog', 'Pricing', 'Product Page']"
807,"['Homepage', 'Pricing', 'Contact Us', 'Review Page', 'Cart']"
808,"['Blog', 'Contact Us', 'Pricing', 'Services']"
809,"['Product Page', 'Blog', 'Homepage', 'Checkout', 'FAQ']"
810,"['Review Page', 'FAQ', 'Product Page']"
811,"['Review Page', 'Checkout', 'FAQ', 'Contact Us']"
812,"['Homepage', 'Pricing', 'Blog', 'Services', 'Review Page']"
813,"['Product Page', 'Services', 'Review Page', 'Checkout', 'FAQ']"
814,"['Review Page', 'Homepage', 'Checkout', 'Cart']"
815,"['Cart', 'Pricing']"
816,"['Services', 'FAQ', 'Pricing']"
817,"['Contact Us', 'Product Page']"
818,"['Homepage', 'Contact Us', 'Review Page', 'Cart', 'Checkout']"
819,"['Services', 'FAQ', 'Blog', 'Pricing']"
820,"['Checkout', 'Homepage']"
821,"['Signup', 'Blog', 'Contact Us', 'FAQ']"
822,"['Checkout', 'Signup', 'Services', 'Homepage']"
823,"['Signup', 'Checkout', 'Review Page']"
824,"['Cart', 'Homepage']"
825,"['Product Page', 'Contact Us', 'Checkout', 'Homepage', 'FAQ']"
826,"['Homepage', 'Checkout']"
827,"['Services', 'Review Page', 'FAQ', 'Product Page', 'Contact Us']"
828,"['Blog', 'FAQ', 'Checkout', 'Contact Us', 'Cart']"
829,"['Cart', 'FAQ']"
830,"['Services', 'Product Page', 'Signup']"
831,"['Services', 'Cart', 'Pricing']"
832,"['Checkout', 'Services', 'Pricing', 'Cart', 'Contact Us']"
833,"['Cart', 'Contact Us', 'Pricing', 'Product Page', 'Homepage']"
834,"['Product Page', 'Contact Us', 'Review Page', 'Services']"
835,"['Blog', 'Cart', 'Checkout', 'Homepage', 'Pricing']"
836,"['Product Page', 'Blog', 'FAQ', 'Pricing', 'Contact Us']"
837,"['Cart', 'Product Page', 'Services']"
838,"['Product Page', 'Signup', 'FAQ']"
839,"['Checkout', 'Services', 'Product Page', 'Pricing']"
840,"['Services', 'Contact Us', 'Signup', 'Blog']"
841,"['Signup', 'FAQ', 'Services']"
842,"['Services', 'Contact Us', 'Pricing', 'Product Page', 'Review Page']"
843,"['Cart', 'Homepage', 'Checkout', 'Blog', 'Product Page']"
844,"['Checkout', 'Contact Us']"
845,"['Cart', 'Review Page', 'Signup', 'Blog', 'Services']"
846,"['Contact Us', 'Checkout']"
847,"['Contact Us', 'Services']"
848,"['Checkout', 'Pricing', 'Homepage', 'Services']"
849,"['Pricing', 'Cart', 'Blog']"
850,"['Review Page', 'Pricing']"
851,"['Checkout', 'Services', 'Product Page']"
852,"['Blog', 'Contact Us', 'Services', 'Review Page']"
853,"['Contact Us', 'Services']"
854,"['Cart', 'Signup', 'Services']"
855,"['Contact Us', 'Checkout', 'Product Page']"
856,"['Review Page', 'FAQ']"
857,"['Signup', 'Contact Us', 'Services']"
858,"['Checkout', 'Homepage', 'Contact Us']"
859,"['Product Page', 'Cart', 'Contact Us', 'Review Page']"
860,"['Cart', 'Checkout', 'Review Page']"
861,"['Homepage', 'Product Page', 'Checkout']"
862,"['Blog', 'Checkout']"
863,"['Pricing', 'Homepage']"
864,"['Signup', 'Cart', 'Blog', 'Checkout', 'Review Page']"
865,"['Homepage', 'Product Page']"
866,"['Pricing', 'Product Page', 'Review Page']"
867,"['Review Page', 'Product Page', 'Signup', 'Pricing', 'Contact Us']"
868,"['FAQ', 'Services']"
869,"['Homepage', 'Signup']"
870,"['Homepage', 'Checkout']"
871,"['Services', 'Signup', 'Pricing']"
872,"['Blog', 'Pricing']"
873,"['Cart', 'Checkout', 'FAQ']"
874,"['Pricing', 'Cart', 'Homepage', 'Review Page', 'Services']"
875,"['Services', 'Signup']"
876,"['Checkout', 'Services']"
877,"['Services', 'Contact Us', 'Checkout', 'Review Page', 'Product Page']"
878,"['Blog', 'Review Page', 'Signup', 'FAQ']"
879,"['Cart', 'Contact Us', 'Services', 'Blog']"
880,"['Services', 'Contact Us', 'FAQ', 'Blog']"
881,"['FAQ', 'Homepage', 'Services', 'Cart']"
882,"['Product Page', 'Contact Us', 'Homepage', 'Cart']"
883,"['Contact Us', 'Product Page', 'Signup', 'Cart', 'Services']"
884,"['Homepage', 'Contact Us', 'Pricing', 'Services']"
885,"['Contact Us', 'Services', 'FAQ', 'Review Page', 'Cart']"
886,"['Pricing', 'Review Page', 'Checkout']"
887,"['FAQ', 'Product Page', 'Homepage', 'Contact Us']"
888,"['Review Page', 'Product Page', 'FAQ', 'Checkout']"
889,"['Homepage', 'Blog', 'Cart', 'Review Page', 'FAQ']"
890,"['Checkout', 'Services', 'Product Page']"
891,"['Review Page', 'Signup']"
892,"['Signup', 'Pricing', 'Services']"
893,"['Product Page', 'Blog', 'Contact Us', 'Checkout']"
894,"['Product Page', 'Review Page', 'FAQ', 'Signup']"
895,"['Homepage', 'Cart', 'Pricing']"
896,"['Homepage', 'Contact Us']"
897,"['FAQ', 'Product Page', 'Checkout']"
898,"['FAQ', 'Services', 'Contact Us']"
899,"['Review Page', 'FAQ', 'Cart']"
900,"['Services', 'FAQ', 'Blog', 'Review Page']"
901,"['Homepage', 'Review Page', 'FAQ']"
902,"['FAQ', 'Contact Us']"
903,"['Services', 'Cart', 'Product Page']"
904,"['Review Page', 'Signup', 'FAQ', 'Blog', 'Homepage']"
905,"['Blog', 'Services', 'Cart', 'Checkout', 'FAQ']"
906,"['Review Page', 'Cart', 'Pricing', 'Product Page', 'Contact Us']"
907,"['Product Page', 'Pricing', 'Signup']"
908,"['FAQ', 'Product Page', 'Checkout', 'Blog', 'Homepage']"
909,"['Checkout', 'Homepage']"
910,"['Checkout', 'Product Page', 'Contact Us', 'FAQ']"
911,"['Signup', 'Services', 'Review Page', 'Blog', 'Checkout']"
912,"['Checkout', 'Pricing']"
913,"['Services', 'Product Page', 'Blog', 'Checkout']"
914,"['Product Page', 'Contact Us']"
915,"['Pricing', 'Product Page', 'Contact Us']"
916,"['Blog', 'Product Page']"
917,"['Contact Us', 'FAQ', 'Pricing', 'Checkout', 'Product Page']"
918,"['Services', 'Contact Us', 'Signup', 'Blog']"
919,"['Signup', 'Review Page', 'Homepage', 'Contact Us', 'Blog']"
920,"['Signup', 'Homepage', 'Services']"
921,"['FAQ', 'Checkout']"
922,"['Review Page', 'Services', 'Pricing']"
923,"['Services', 'Cart', 'Homepage']"
924,"['Contact Us', 'Services']"
925,"['Pricing', 'FAQ']"
926,"['Cart', 'FAQ', 'Signup', 'Product Page', 'Contact Us']"
927,"['FAQ', 'Product Page', 'Checkout']"
928,"['Signup', 'Contact Us', 'Review Page', 'FAQ']"
929,"['FAQ', 'Review Page', 'Contact Us']"
930,"['Contact Us', 'Product Page']"
931,"['Signup', 'FAQ', 'Blog']"
932,"['Review Page', 'Contact Us', 'Signup', 'Product Page', 'Cart']"
933,"['Checkout', 'FAQ', 'Contact Us', 'Homepage']"
934,"['Services', 'Pricing']"
935,"['Checkout', 'Homepage', 'Contact Us', 'Review Page']"
936,"['FAQ', 'Product Page', 'Checkout', 'Blog', 'Cart']"
937,"['Review Page', 'Blog', 'Pricing', 'Checkout', 'Contact Us']"
938,"['Pricing', 'Review Page']"
939,"['Homepage', 'Checkout']"
940,"['FAQ', 'Product Page', 'Homepage', 'Blog']"
941,"['Cart', 'Contact Us']"
942,"['Blog', 'Review Page', 'Contact Us']"
943,"['Contact Us', 'Signup', 'Checkout', 'Product Page', 'Blog']"
944,"['Services', 'Homepage', 'Blog', 'Signup', 'Review Page']"
945,"['FAQ', 'Checkout']"
946,"['Pricing', 'Signup', 'Product Page', 'Cart', 'FAQ']"
947,"['FAQ', 'Homepage', 'Pricing', 'Blog']"
948,"['Blog', 'FAQ', 'Cart']"
949,"['Product Page', 'Review Page']"
950,"['Contact Us', 'Signup', 'Checkout']"
951,"['Blog', 'Review Page', 'Cart', 'Signup', 'Contact Us']"
952,"['Homepage', 'Contact Us']"
953,"['Signup', 'Services', 'Blog']"
954,"['Product Page', 'FAQ', 'Signup']"
955,"['Pricing', 'Homepage', 'Review Page']"
956,"['Blog', 'Pricing', 'Review Page', 'Product Page', 'Homepage']"
957,"['Product Page', 'Contact Us']"
958,"['Homepage', 'Pricing', 'Signup', 'Checkout', 'Blog']"
959,"['Pricing', 'Checkout', 'Services']"
960,"['Product Page', 'Signup', 'Review Page', 'Contact Us']"
961,"['FAQ', 'Product Page', 'Homepage', 'Signup', 'Blog']"
962,"['Review Page', 'Contact Us', 'Checkout', 'Product Page']"
963,"['Blog', 'FAQ', 'Pricing', 'Homepage']"
964,"['Review Page', 'Blog', 'Checkout', 'Pricing', 'Signup']"
965,"['Contact Us', 'Cart', 'Checkout']"
966,"['Services', 'FAQ']"
967,"['Signup', 'FAQ', 'Checkout']"
968,"['Product Page', 'Homepage']"
969,"['Contact Us', 'Signup']"
970,"['Signup', 'Pricing']"
971,"['Contact Us', 'Review Page', 'Checkout']"
972,"['FAQ', 'Services', 'Signup', 'Review Page', 'Blog']"
973,"['Checkout', 'Signup', 'Blog']"
974,"['Pricing', 'Checkout', 'Product Page', 'Cart']"
975,"['Checkout', 'Review Page', 'Pricing']"
976,"['Services', 'Review Page', 'Signup', 'Homepage']"
977,"['Contact Us', 'Cart', 'Product Page', 'Checkout', 'Services']"
978,"['Checkout', 'Product Page', 'Homepage']"
979,"['Review Page', 'Pricing']"
980,"['FAQ', 'Signup', 'Review Page', 'Pricing']"
981,"['Signup', 'Blog', 'Checkout']"
982,"['FAQ', 'Cart', 'Contact Us', 'Pricing', 'Product Page']"
983,"['Checkout', 'Signup']"
984,"['Cart', 'Pricing']"
985,"['Product Page', 'Cart']"
986,"['Services', 'Review Page', 'Contact Us', 'Cart']"
987,"['Product Page', 'Checkout', 'FAQ', 'Services']"
988,"['Pricing', 'Homepage']"
989,"['Signup', 'Cart', 'Services', 'Blog', 'Homepage']"
990,"['FAQ', 'Homepage', 'Contact Us', 'Signup']"
991,"['Services', 'Product Page', 'Homepage']"
992,"['Review Page', 'Checkout', 'Signup']"
993,"['Homepage', 'Contact Us', 'Pricing']"
994,"['Signup', 'Blog', 'Checkout']"
995,"['Pricing', 'Checkout', 'Homepage', 'Contact Us']"
996,"['Homepage', 'FAQ', 'Contact Us', 'Signup']"
997,"['Homepage', 'Signup', 'Contact Us']"
998,"['Pricing', 'Blog']"
999,"['Homepage', 'Product Page']"
1000,"['Blog', 'Pricing', 'Signup', 'Contact Us', 'FAQ']"
1001,"['Homepage', 'FAQ', 'Cart', 'Contact Us', 'Blog']"
1002,"['Homepage', 'Signup']"
1003,"['Checkout', 'Review Page', 'Product Page']"
1004,"['Homepage', 'Cart', 'Product Page', 'Pricing', 'Signup']"
1005,"['Checkout', 'Pricing']"
1006,"['Contact Us', 'Homepage', 'Pricing']"
1007,"['Homepage', 'Services']"
1008,"['Pricing', 'Blog', 'Services', 'Cart', 'Homepage']"
1009,"['Checkout', 'Signup', 'FAQ', 'Product Page', 'Cart']"
1010,"['Signup', 'Services', 'Blog']"
1011,"['Signup', 'Contact Us']"
1012,"['Cart', 'Services', 'FAQ']"
1013,"['Product Page', 'FAQ', 'Blog']"
1014,"['Cart', 'Product Page', 'Contact Us']"
1015,"['Blog', 'Services', 'Cart']"
1016,"['Signup', 'Review Page', 'Pricing', 'Services', 'Homepage']"
1017,"['FAQ', 'Cart']"
1018,"['Checkout', 'Contact Us', 'Signup', 'FAQ']"
1019,"['Product Page', 'Homepage', 'Review Page', 'Cart', 'Contact Us']"
1020,"['Services', 'Cart', 'Pricing']"
1021,"['Contact Us', 'Review Page', 'Services', 'FAQ', 'Signup']"
1022,"['FAQ', 'Contact Us', 'Blog', 'Homepage']"
1023,"['FAQ', 'Signup', 'Cart', 'Pricing']"
1024,"['Cart', 'Contact Us', 'Review Page', 'FAQ', 'Product Page']"
1025,"['Review Page', 'Product Page', 'Pricing', 'Cart', 'Contact Us']"
1026,"['Product Page', 'Cart', 'Signup', 'FAQ']"
1027,"['Product Page', 'Review Page', 'Contact Us']"
1028,"['Signup', 'Review Page']"
1029,"['Contact Us', 'Pricing', 'Cart', 'Signup', 'Review Page']"
1030,"['Signup', 'FAQ']"
1031,"['Blog', 'Contact Us', 'FAQ']"
1032,"['Blog', 'Homepage', 'Cart', 'Checkout', 'Pricing']"
1033,"['FAQ', 'Homepage']"
1034,"['Cart', 'Pricing', 'Review Page']"
1035,"['Homepage', 'Blog']"
1036,"['Services', 'Pricing', 'Contact Us', 'Cart', 'FAQ']"
1037,"['Cart', 'Product Page', 'Homepage']"
1038,"['Cart', 'Review Page', 'Signup', 'Homepage']"
1039,"['Contact Us', 'Cart']"
1040,"['FAQ', 'Signup']"
1041,"['Review Page', 'Services', 'Cart', 'FAQ', 'Checkout']"
1042,"['Services', 'Checkout', 'FAQ']"
1043,"['Product Page', 'Blog', 'Cart', 'Pricing', 'Review Page']"
1044,"['Homepage', 'FAQ', 'Pricing', 'Product Page']"
1045,"['Contact Us', 'Blog', 'Signup']"
1046,"['FAQ', 'Contact Us', 'Checkout']"
1047,"['Checkout', 'FAQ', 'Blog']"
1048,"['Contact Us', 'Pricing', 'Product Page', 'Homepage', 'Services']"
1049,"['Contact Us', 'Blog']"
1050,"['Pricing', 'Homepage', 'Signup', 'Product Page', 'Services']"
1051,"['Services', 'Product Page', 'Cart', 'Review Page']"
1052,"['Cart', 'Contact Us', 'Pricing']"
1053,"['Contact Us', 'Review Page', 'Product Page']"
1054,"['Pricing', 'Contact Us']"
1055,"['Product Page', 'Contact Us']"
1056,"['Review Page', 'Homepage', 'Contact Us', 'Services', 'Blog']"
1057,"['Services', 'Contact Us']"
1058,"['Contact Us', 'Pricing', 'FAQ', 'Product Page']"
1059,"['Blog', 'Services', 'FAQ', 'Cart']"
1060,"['Checkout', 'FAQ', 'Blog']"
1061,"['Cart', 'Blog', 'Services', 'Homepage', 'Review Page']"
1062,"['Services', 'Cart', 'Product Page', 'Signup']"
1063,"['Homepage', 'Cart']"
1064,"['Product Page', 'Contact Us', 'Services', 'Signup']"
1065,"['Blog', 'Signup']"
1066,"['Cart', 'Checkout', 'Review Page', 'Product Page']"
1067,"['Homepage', 'Checkout', 'Product Page', 'Contact Us']"
1068,"['Checkout', 'Signup', 'Services']"
1069,"['Signup', 'Contact Us', 'Homepage', 'Review Page']"
1070,"['Signup', 'Review Page', 'Blog', 'Cart', 'Checkout']"
1071,"['Cart', 'Checkout']"
1072,"['Checkout', 'Contact Us']"
1073,"['Product Page', 'Checkout', 'Contact Us']"
1074,"['Checkout', 'Pricing']"
1075,"['Pricing', 'Review Page', 'Blog', 'Signup']"
1076,"['FAQ', 'Checkout']"
1077,"['Services', 'Homepage', 'Checkout', 'Review Page']"
1078,"['Blog', 'Checkout', 'Signup']"
1079,"['Cart', 'Signup']"
1080,"['Services', 'Checkout', 'Signup', 'Product Page', 'Pricing']"
1081,"['Pricing', 'Checkout', 'Homepage', 'Signup']"
1082,"['Product Page', 'Blog']"
1083,"['Contact Us', 'Cart', 'Product Page', 'FAQ', 'Services']"
1084,"['Blog', 'FAQ', 'Product Page', 'Checkout', 'Services']"
1085,"['Services', 'Blog', 'Cart', 'FAQ', 'Checkout']"
1086,"['Contact Us', 'Review Page']"
1087,"['Checkout', 'Signup', 'Contact Us', 'Homepage']"
1088,"['Cart', 'Services', 'Checkout', 'Signup']"
1089,"['Services', 'Blog']"
1090,"['Blog', 'Pricing']"
1091,"['Contact Us', 'Homepage', 'Blog']"
1092,"['Homepage', 'Checkout']"
1093,"['Signup', 'Review Page', 'Product Page']"
1094,"['Checkout', 'Contact Us', 'Signup', 'Review Page', 'Pricing']"
1095,"['Product Page', 'FAQ', 'Pricing']"
1096,"['Review Page', 'Blog', 'Contact Us', 'Checkout']"
1097,"['Blog', 'Cart']"
1098,"['Blog', 'Signup', 'Services', 'Contact Us']"
1099,"['Blog', 'Signup', 'Product Page', 'Contact Us']"
1100,"['Homepage', 'Services', 'Blog']"
1101,"['Product Page', 'FAQ', 'Cart']"
1102,"['Homepage', 'Checkout']"
1103,"['Contact Us', 'Blog', 'Product Page', 'Pricing', 'Review Page']"
1104,"['Signup', 'Review Page']"
1105,"['Contact Us', 'Cart', 'Services', 'Homepage']"
1106,"['Blog', 'Signup', 'Checkout', 'FAQ']"
1107,"['Signup', 'Homepage', 'Checkout']"
1108,"['Review Page', 'Product Page', 'Homepage', 'FAQ']"
1109,"['FAQ', 'Product Page', 'Contact Us', 'Review Page', 'Homepage']"
1110,"['FAQ', 'Checkout']"
1111,"['Cart', 'Review Page', 'Contact Us']"
1112,"['Review Page', 'Blog', 'Pricing', 'Services', 'Contact Us']"
1113,"['FAQ', 'Blog', 'Services', 'Pricing', 'Contact Us']"
1114,"['Services', 'Cart', 'Product Page']"
1115,"['Checkout', 'Blog']"
1116,"['Services', 'Review Page', 'Cart']"
1117,"['Homepage', 'Product Page', 'Pricing', 'Signup', 'FAQ']"
1118,"['Signup', 'Review Page', 'Homepage', 'Product Page', 'Pricing']"
1119,"['Checkout', 'Pricing', 'FAQ', 'Blog']"
1120,"['Product Page', 'FAQ']"
1121,"['Cart', 'Signup', 'Review Page', 'Homepage']"
1122,"['Contact Us', 'Pricing', 'FAQ', 'Blog', 'Review Page']"
1123,"['Homepage', 'Checkout']"
1124,"['Product Page', 'FAQ']"
1125,"['Services', 'Signup']"
1126,"['Review Page', 'Signup', 'Homepage', 'Services']"
1127,"['Review Page', 'Signup', 'Pricing', 'Checkout', 'Cart']"
1128,"['Cart', 'Blog', 'Pricing', 'Services', 'Contact Us']"
1129,"['Cart', 'Blog', 'Contact Us', 'Pricing', 'Signup']"
1130,"['FAQ', 'Homepage', 'Services', 'Product Page', 'Contact Us']"
1131,"['Blog', 'Cart', 'Contact Us', 'FAQ']"
1132,"['Pricing', 'Product Page', 'Checkout', 'Services', 'Review Page']"
1133,"['Homepage', 'Signup', 'Cart', 'Contact Us', 'Review Page']"
1134,"['Blog', 'FAQ', 'Checkout']"
1135,"['Product Page', 'FAQ', 'Checkout', 'Blog']"
1136,"['Cart', 'Product Page', 'FAQ', 'Pricing']"
1137,"['Cart', 'Signup', 'Product Page', 'Review Page']"
1138,"['Services', 'Homepage']"
1139,"['Cart', 'Services', 'Review Page', 'FAQ', 'Homepage']"
1140,"['Homepage', 'Checkout']"
1141,"['Checkout', 'Homepage', 'Signup']"
1142,"['Homepage', 'Services', 'Review Page', 'Signup']"
1143,"['Homepage', 'Checkout', 'Review Page', 'Services']"
1144,"['Blog', 'Review Page', 'Signup', 'Checkout', 'Homepage']"
1145,"['Cart', 'Review Page', 'Checkout', 'Product Page', 'FAQ']"
1146,"['Review Page', 'Cart', 'FAQ']"
1147,"['Product Page', 'Blog', 'Signup']"
1148,"['FAQ', 'Blog', 'Homepage', 'Signup', 'Checkout']"
1149,"['Signup', 'Pricing']"
1150,"['Contact Us', 'Signup', 'Services']"
1151,"['Contact Us', 'Pricing', 'Homepage']"
1152,"['Product Page', 'Review Page']"
1153,"['Signup', 'Services', 'Review Page', 'Blog']"
1154,"['Signup', 'Pricing', 'Cart']"
1155,"['Services', 'Signup']"
1156,"['Contact Us', 'Pricing']"
1157,"['Checkout', 'Cart', 'FAQ', 'Contact Us']"
1158,"['Homepage', 'Pricing', 'Cart']"
1159,"['Review Page', 'Services', 'Checkout', 'Signup', 'Pricing']"
1160,"['Services', 'Blog', 'Homepage', 'Signup']"
1161,"['Pricing', 'FAQ', 'Contact Us']"
1162,"['Blog', 'Review Page', 'Services', 'Cart']"
1163,"['Review Page', 'Cart', 'FAQ', 'Pricing', 'Services']"
1164,"['Checkout', 'Services', 'Contact Us', 'Product Page']"
1165,"['Checkout', 'Contact Us']"
1166,"['Blog', 'Product Page', 'Review Page']"
1167,"['Cart', 'Review Page', 'Checkout', 'Signup', 'Blog']"
1168,"['Product Page', 'Checkout']"
1169,"['Cart', 'Product Page', 'Contact Us', 'Checkout', 'Services']"
1170,"['Signup', 'FAQ', 'Contact Us']"
1171,"['FAQ', 'Product Page', 'Services', 'Homepage']"
1172,"['Services', 'Homepage', 'Contact Us', 'Cart']"
1173,"['Blog', 'Review Page', 'Contact Us', 'Homepage']"
1174,"['Contact Us', 'Blog']"
1175,"['Homepage', 'FAQ', 'Blog', 'Services', 'Checkout']"
1176,"['FAQ', 'Product Page', 'Signup']"
1177,"['Blog', 'Signup', 'Checkout']"
1178,"['Blog', 'Signup', 'Product Page']"
1179,"['Checkout', 'Contact Us', 'Cart']"
1180,"['Cart', 'Blog', 'FAQ']"
1181,"['Blog', 'Services', 'Review Page', 'Checkout']"
1182,"['Review Page', 'Blog', 'Contact Us', 'Checkout']"
1183,"['FAQ', 'Signup', 'Blog']"
1184,"['Checkout', 'Blog', 'Pricing']"
1185,"['Review Page', 'Cart', 'Signup']"
1186,"['Homepage', 'Product Page', 'Contact Us', 'Signup', 'Blog']"
1187,"['Review Page', 'FAQ']"
1188,"['Contact Us', 'FAQ', 'Blog', 'Product Page', 'Homepage']"
1189,"['Cart', 'Signup']"
1190,"['Services', 'Cart', 'Checkout', 'Review Page']"
1191,"['Review Page', 'Homepage']"
1192,"['Blog', 'Contact Us', 'Cart', 'Product Page', 'Signup']"
1193,"['Services', 'FAQ']"
1194,"['Services', 'Checkout', 'Pricing', 'Blog', 'Review Page']"
1195,"['Blog', 'Services', 'FAQ', 'Contact Us']"
1196,"['Services', 'Contact Us', 'FAQ', 'Cart']"
1197,"['Cart', 'Contact Us', 'Checkout', 'Pricing']"
1198,"['Checkout', 'Cart']"
1199,"['Homepage', 'Review Page']"
1200,"['Services', 'Review Page']"
1201,"['Services', 'Cart', 'Product Page', 'Contact Us']"
1202,"['Homepage', 'Blog', 'Review Page', 'Pricing']"
1203,"['Services', 'Pricing', 'Review Page']"
1204,"['Product Page', 'Services', 'Checkout']"
1205,"['Checkout', 'Contact Us']"
1206,"['FAQ', 'Product Page', 'Contact Us', 'Blog', 'Signup']"
1207,"['Checkout', 'Signup']"
1208,"['Review Page', 'Blog', 'FAQ', 'Services', 'Pricing']"
1209,"['Pricing', 'Services', 'Product Page']"
1210,"['Blog', 'Checkout', 'Review Page', 'Pricing']"
1211,"['Pricing', 'Product Page']"
1212,"['Services', 'Review Page', 'Product Page']"
1213,"['Product Page', 'Checkout', 'FAQ', 'Review Page']"
1214,"['Blog', 'FAQ', 'Services', 'Contact Us', 'Product Page']"
1215,"['Signup', 'Pricing', 'Contact Us']"
1216,"['FAQ', 'Services', 'Pricing', 'Homepage', 'Signup']"
1217,"['Product Page', 'Review Page', 'Cart']"
1218,"['Signup', 'Homepage']"
1219,"['Checkout', 'Signup', 'Review Page', 'Blog']"
1220,"['Review Page', 'Blog']"
1221,"['Homepage', 'Cart']"
1222,"['Checkout', 'Contact Us']"
1223,"['Contact Us', 'Signup']"
1224,"['Review Page', 'Signup']"
1225,"['Blog', 'Signup']"
1226,"['Review Page', 'FAQ', 'Contact Us']"
1227,"['Cart', 'FAQ', 'Review Page', 'Blog', 'Pricing']"
1228,"['Contact Us', 'Cart']"
1229,"['Checkout', 'Pricing']"
1230,"['Review Page', 'Cart', 'Signup']"
1231,"['Contact Us', 'Review Page', 'Pricing', 'Blog', 'Cart']"
1232,"['Contact Us', 'Blog', 'Checkout']"
1233,"['Product Page', 'Review Page', 'Checkout']"
1234,"['Homepage', 'FAQ', 'Product Page', 'Cart']"
1235,"['Signup', 'Product Page']"
1236,"['FAQ', 'Pricing', 'Checkout', 'Contact Us', 'Review Page']"
1237,"['Cart', 'Pricing', 'Signup', 'Homepage']"
1238,"['Services', 'FAQ']"
1239,"['Blog', 'FAQ', 'Cart', 'Review Page', 'Services']"
1240,"['Cart', 'Blog']"
1241,"['Contact Us', 'FAQ', 'Blog', 'Services']"
1242,"['Homepage', 'Review Page', 'Pricing', 'Services']"
1243,"['Contact Us', 'Review Page']"
1244,"['Homepage', 'Checkout', 'Pricing', 'Review Page']"
1245,"['Review Page', 'Signup', 'Blog', 'Pricing']"
1246,"['Services', 'Checkout', 'Product Page', 'Blog', 'Homepage']"
1247,"['Product Page', 'Homepage', 'Checkout']"
1248,"['Homepage', 'Product Page', 'FAQ']"
1249,"['Review Page', 'Pricing', 'FAQ', 'Cart']"
1250,"['Pricing', 'Cart', 'Services']"
1251,"['Contact Us', 'FAQ']"
1252,"['Signup', 'FAQ', 'Homepage']"
1253,"['Pricing', 'Signup', 'Cart', 'Homepage', 'Contact Us']"
1254,"['Pricing', 'FAQ']"
1255,"['Signup', 'Product Page', 'Blog']"
1256,"['Blog', 'Cart', 'Pricing', 'Checkout', 'Product Page']"
1257,"['Contact Us', 'Signup', 'Cart']"
1258,"['Review Page', 'Homepage', 'Blog']"
1259,"['FAQ', 'Checkout']"
1260,"['Review Page', 'Cart', 'Homepage', 'Pricing', 'Contact Us']"
1261,"['Cart', 'Pricing', 'Checkout']"
1262,"['Contact Us', 'Checkout', 'Product Page', 'Cart']"
1263,"['Checkout', 'FAQ', 'Blog', 'Contact Us', 'Review Page']"
1264,"['Checkout', 'FAQ', 'Review Page', 'Pricing', 'Contact Us']"
1265,"['Review Page', 'Services']"
1266,"['FAQ', 'Product Page', 'Signup', 'Review Page']"
1267,"['Contact Us', 'Homepage']"
1268,"['Cart', 'Homepage']"
1269,"['Review Page', 'Checkout']"
1270,"['Services', 'Checkout']"
1271,"['Blog', 'Pricing', 'Cart', 'Product Page']"
1272,"['Pricing', 'Product Page']"
1273,"['Checkout', 'Product Page', 'FAQ', 'Services']"
1274,"['Blog', 'Pricing', 'FAQ']"
1275,"['Pricing', 'Blog', 'Signup']"
1276,"['Product Page', 'Cart', 'Pricing', 'Blog']"
1277,"['Contact Us', 'Homepage']"
1278,"['Signup', 'Checkout', 'Services']"
1279,"['Pricing', 'FAQ', 'Cart', 'Homepage']"
1280,"['Blog', 'Checkout', 'Homepage', 'Signup']"
1281,"['Review Page', 'FAQ', 'Product Page', 'Blog']"
1282,"['Blog', 'Contact Us', 'Pricing', 'Cart', 'Homepage']"
1283,"['Pricing', 'Blog', 'Services', 'Signup']"
1284,"['Contact Us', 'Review Page', 'FAQ', 'Signup']"
1285,"['Services', 'Checkout']"
1286,"['FAQ', 'Checkout', 'Blog']"
1287,"['Pricing', 'Cart', 'Homepage']"
1288,"['Review Page', 'Product Page', 'FAQ', 'Checkout', 'Blog']"
1289,"['Homepage', 'Product Page', 'Blog', 'Pricing']"
1290,"['Product Page', 'Review Page', 'Homepage', 'Checkout']"
1291,"['Cart', 'Blog', 'Signup', 'Checkout', 'Review Page']"
1292,"['Signup', 'Contact Us', 'Blog', 'Homepage', 'FAQ']"
1293,"['Homepage', 'Checkout', 'Pricing', 'Signup', 'Cart']"
1294,"['Contact Us', 'Cart', 'Signup', 'Blog', 'Product Page']"
1295,"['Product Page', 'Checkout', 'Signup']"
1296,"['Checkout', 'Signup']"
1297,"['Homepage', 'Signup']"
1298,"['Signup', 'Blog', 'Review Page']"
1299,"['Signup', 'Review Page']"
1300,"['Product Page', 'Cart', 'Services']"
1301,"['FAQ', 'Cart']"
1302,"['Blog', 'Pricing']"
1303,"['FAQ', 'Contact Us']"
1304,"['Homepage', 'Blog']"
1305,"['Review Page', 'FAQ', 'Signup', 'Checkout', 'Cart']"
1306,"['FAQ', 'Blog', 'Review Page', 'Signup']"
1307,"['FAQ', 'Checkout']"
1308,"['Pricing', 'Blog', 'Signup', 'Checkout', 'Services']"
1309,"['Pricing', 'Services', 'Homepage']"
1310,"['Blog', 'Checkout', 'Contact Us']"
1311,"['Product Page', 'Services', 'Cart', 'FAQ', 'Pricing']"
1312,"['Signup', 'Checkout', 'Review Page']"
1313,"['Review Page', 'Cart', 'Signup', 'Services', 'FAQ']"
1314,"['Checkout', 'Cart', 'Homepage', 'Product Page']"
1315,"['Pricing', 'Contact Us', 'Checkout']"
1316,"['Services', 'Pricing', 'Cart', 'Product Page', 'Blog']"
1317,"['FAQ', 'Checkout', 'Review Page']"
1318,"['Cart', 'Contact Us', 'Checkout', 'Signup', 'Blog']"
1319,"['FAQ', 'Services', 'Product Page', 'Contact Us']"
1320,"['Services', 'Review Page', 'Contact Us', 'Pricing']"
1321,"['FAQ', 'Checkout', 'Pricing']"
1322,"['Homepage', 'Signup', 'Blog']"
1323,"['Signup', 'Blog', 'Services', 'Product Page']"
1324,"['Blog', 'Contact Us', 'Signup', 'Product Page', 'FAQ']"
1325,"['Cart', 'Product Page']"
1326,"['Homepage', 'Signup']"
1327,"['Product Page', 'Pricing', 'Blog']"
1328,"['Homepage', 'Cart']"
1329,"['Cart', 'Pricing', 'Blog']"
1330,"['Signup', 'Homepage', 'Services']"
1331,"['Cart', 'Review Page', 'Checkout', 'Blog']"
1332,"['Signup', 'Blog', 'Checkout', 'Contact Us']"
1333,"['Contact Us', 'Cart']"
1334,"['Contact Us', 'Homepage']"
1335,"['Product Page', 'Homepage']"
1336,"['Contact Us', 'Signup']"
1337,"['Review Page', 'Checkout', 'FAQ', 'Pricing']"
1338,"['Services', 'Product Page']"
1339,"['FAQ', 'Signup', 'Contact Us', 'Cart', 'Homepage']"
1340,"['FAQ', 'Product Page', 'Homepage']"
1341,"['Signup', 'Services', 'Checkout']"
1342,"['Product Page', 'Cart']"
1343,"['Homepage', 'Contact Us', 'Signup', 'Review Page', 'Pricing']"
1344,"['Checkout', 'Homepage']"
1345,"['Homepage', 'Services', 'Contact Us']"
1346,"['Cart', 'Contact Us', 'Signup', 'Homepage']"
1347,"['Review Page', 'Contact Us', 'Pricing', 'FAQ']"
1348,"['Services', 'Checkout', 'Homepage', 'Pricing', 'Signup']"
1349,"['Homepage', 'Review Page']"
1350,"['Contact Us', 'Pricing', 'Blog']"
1351,"['Contact Us', 'Signup', 'Services']"
1352,"['Pricing', 'Review Page']"
1353,"['Contact Us', 'Services']"
1354,"['Signup', 'FAQ', 'Review Page', 'Services']"
1355,"['Services', 'Review Page']"
1356,"['Signup', 'Pricing', 'Homepage', 'Services', 'Cart']"
1357,"['Checkout', 'Pricing']"
1358,"['Homepage', 'Review Page']"
1359,"['Pricing', 'Services', 'Product Page', 'Blog']"
1360,"['Homepage', 'Review Page']"
1361,"['Signup', 'Homepage']"
1362,"['Services', 'Homepage', 'Checkout']"
1363,"['Services', 'Contact Us', 'Review Page', 'Blog', 'Checkout']"
1364,"['Signup', 'FAQ', 'Product Page', 'Services', 'Blog']"
1365,"['Review Page', 'Contact Us', 'Homepage', 'Services', 'Pricing']"
1366,"['Pricing', 'Signup', 'Cart', 'Contact Us']"
1367,"['Pricing', 'Signup', 'Review Page', 'Homepage']"
1368,"['Homepage', 'Pricing', 'Blog']"
1369,"['Contact Us', 'Pricing', 'Homepage', 'Checkout', 'Cart']"
1370,"['Homepage', 'Pricing', 'Signup', 'Services', 'Checkout']"
1371,"['Cart', 'Checkout']"
1372,"['Checkout', 'Signup', 'Homepage', 'Services']"
1373,"['Homepage', 'Services', 'Contact Us']"
1374,"['Pricing', 'Review Page', 'FAQ', 'Services', 'Checkout']"
1375,"['Product Page', 'Cart']"
1376,"['Contact Us', 'Homepage']"
1377,"['Homepage', 'Review Page', 'Services']"
1378,"['Product Page', 'Review Page']"
1379,"['FAQ', 'Contact Us', 'Blog', 'Signup']"
1380,"['Pricing', 'FAQ', 'Blog']"
1381,"['Review Page', 'Cart', 'Contact Us', 'Services']"
1382,"['Contact Us', 'Homepage']"
1383,"['Signup', 'Review Page', 'Homepage']"
1384,"['Product Page', 'Contact Us', 'Cart', 'Services']"
1385,"['Contact Us', 'FAQ', 'Product Page', 'Review Page', 'Cart']"
1386,"['Homepage', 'Review Page', 'Checkout']"
1387,"['FAQ', 'Services']"
1388,"['Review Page', 'Pricing']"
1389,"['FAQ', 'Pricing', 'Checkout', 'Signup', 'Services']"
1390,"['Product Page', 'Review Page', 'FAQ', 'Cart']"
1391,"['Cart', 'Review Page', 'FAQ']"
1392,"['Services', 'Cart', 'Checkout', 'FAQ']"
1393,"['Pricing', 'Blog', 'Signup']"
1394,"['Homepage', 'Services', 'FAQ']"
1395,"['Blog', 'Product Page']"
1396,"['Review Page', 'Signup']"
1397,"['Signup', 'Product Page', 'Contact Us', 'Review Page']"
1398,"['Cart', 'Contact Us', 'FAQ']"
1399,"['FAQ', 'Cart']"
1400,"['Contact Us', 'Signup']"
1401,"['Blog', 'FAQ', 'Review Page', 'Signup']"
1402,"['Contact Us', 'Review Page', 'Cart', 'Services', 'Homepage']"
1403,"['Pricing', 'Review Page', 'Homepage', 'Product Page', 'Contact Us']"
1404,"['FAQ', 'Homepage']"
1405,"['Checkout', 'FAQ']"
1406,"['Checkout', 'FAQ']"
1407,"['Services', 'Review Page', 'Pricing', 'Cart', 'FAQ']"
1408,"['Review Page', 'Contact Us', 'Homepage', 'Checkout']"
1409,"['Pricing', 'Review Page', 'FAQ']"
1410,"['Pricing', 'Product Page', 'FAQ', 'Signup']"
1411,"['Review Page', 'Signup', 'Checkout', 'Homepage', 'Product Page']"
1412,"['Services', 'Contact Us', 'Cart']"
1413,"['Pricing', 'Cart']"
1414,"['Product Page', 'Blog', 'Review Page', 'Homepage']"
1415,"['Signup', 'FAQ', 'Blog']"
1416,"['Pricing', 'Blog', 'Review Page', 'Contact Us']"
1417,"['Blog', 'Pricing', 'FAQ']"
1418,"['Homepage', 'Product Page']"
1419,"['Product Page', 'Contact Us']"
1420,"['Homepage', 'Contact Us', 'Review Page']"
1421,"['Blog', 'Services', 'FAQ', 'Homepage']"
1422,"['Blog', 'Contact Us']"
1423,"['Signup', 'Checkout', 'FAQ', 'Cart', 'Blog']"
1424,"['FAQ', 'Blog', 'Contact Us', 'Cart']"
1425,"['Blog', 'Checkout', 'Services', 'Pricing', 'FAQ']"
1426,"['Signup', 'Services']"
1427,"['Review Page', 'Contact Us', 'FAQ', 'Homepage']"
1428,"['Blog', 'Services', 'Checkout', 'Contact Us']"
1429,"['Signup', 'Checkout', 'Cart']"
1430,"['Blog', 'Checkout', 'Signup']"
1431,"['Checkout', 'FAQ', 'Cart', 'Signup']"
1432,"['Signup', 'FAQ', 'Cart', 'Pricing', 'Product Page']"
1433,"['Checkout', 'Blog', 'FAQ', 'Review Page']"
1434,"['Review Page', 'Checkout']"
1435,"['Signup', 'Product Page', 'Cart']"
1436,"['Contact Us', 'Blog']"
1437,"['Review Page', 'Signup', 'Homepage']"
1438,"['Contact Us', 'Product Page', 'Homepage']"
1439,"['FAQ', 'Checkout', 'Services', 'Product Page', 'Contact Us']"
1440,"['FAQ', 'Pricing', 'Homepage', 'Services', 'Checkout']"
1441,"['Contact Us', 'Product Page', 'Services', 'Pricing', 'Blog']"
1442,"['Cart', 'Services', 'Homepage']"
1443,"['Services', 'Checkout', 'FAQ', 'Homepage']"
1444,"['Signup', 'Review Page', 'Product Page']"
1445,"['Homepage', 'FAQ', 'Pricing', 'Signup']"
1446,"['FAQ', 'Pricing', 'Homepage', 'Product Page', 'Signup']"
1447,"['FAQ', 'Homepage']"
1448,"['Blog', 'Cart']"
1449,"['Services', 'Checkout', 'FAQ']"
1450,"['Services', 'Blog', 'Review Page', 'Pricing']"
1451,"['Product Page', 'Contact Us', 'Homepage']"
1452,"['Signup', 'Homepage']"
1453,"['Checkout', 'Pricing', 'Product Page', 'Cart']"
1454,"['Services', 'Contact Us', 'Blog', 'Review Page', 'Product Page']"
1455,"['Product Page', 'Services', 'Cart']"
1456,"['Blog', 'Homepage', 'Contact Us', 'FAQ']"
1457,"['Contact Us', 'Checkout']"
1458,"['Blog', 'Services', 'Checkout']"
1459,"['FAQ', 'Pricing']"
1460,"['Homepage', 'Review Page', 'FAQ']"
1461,"['Review Page', 'Services', 'Product Page', 'Signup']"
1462,"['FAQ', 'Pricing']"
1463,"['Checkout', 'Homepage', 'Services', 'Blog']"
1464,"['Blog', 'Contact Us', 'Signup', 'Cart', 'Review Page']"
1465,"['Product Page', 'Services', 'Cart', 'Signup', 'Checkout']"
1466,"['Product Page', 'Homepage']"
1467,"['Checkout', 'FAQ', 'Signup']"
1468,"['Contact Us', 'FAQ', 'Review Page', 'Signup', 'Homepage']"
1469,"['Homepage', 'Blog']"
1470,"['Product Page', 'Cart', 'Contact Us']"
1471,"['Checkout', 'Services', 'Homepage', 'Pricing', 'Signup']"
1472,"['Review Page', 'Checkout', 'Signup', 'FAQ', 'Homepage']"
1473,"['Blog', 'Review Page', 'Homepage', 'Pricing']"
1474,"['Checkout', 'Homepage', 'Product Page', 'Blog', 'FAQ']"
1475,"['Services', 'Pricing', 'Contact Us']"
1476,"['Pricing', 'Blog', 'Product Page', 'Review Page']"
1477,"['Homepage', 'Services', 'Signup']"
1478,"['Product Page', 'Contact Us', 'Checkout']"
1479,"['Blog', 'Services', 'Cart', 'Pricing']"
1480,"['Product Page', 'Pricing', 'Signup', 'Blog']"
1481,"['Pricing', 'Blog', 'Review Page', 'Cart']"
1482,"['Product Page', 'Cart']"
1483,"['Product Page', 'Cart']"
1484,"['Services', 'Cart', 'Contact Us']"
1485,"['Cart', 'Pricing', 'Review Page', 'Checkout']"
1486,"['Contact Us', 'Pricing', 'FAQ', 'Blog', 'Services']"
1487,"['Review Page', 'Signup', 'Pricing', 'Blog', 'Services']"
1488,"['Blog', 'Pricing', 'Homepage', 'Review Page', 'Product Page']"
1489,"['Homepage', 'FAQ', 'Signup', 'Contact Us', 'Pricing']"
1490,"['Services', 'Pricing']"
1491,"['Product Page', 'Services']"
1492,"['Review Page', 'Product Page', 'Checkout']"
1493,"['Checkout', 'Homepage', 'Signup', 'Services', 'Pricing']"
1494,"['Product Page', 'Cart', 'Homepage', 'Pricing', 'Blog']"
1495,"['Checkout', 'Signup', 'Review Page', 'FAQ']"
1496,"['Product Page', 'Signup']"
1497,"['Homepage', 'Signup', 'FAQ']"
1498,"['Product Page', 'Services', 'Blog']"
1499,"['Pricing', 'Signup']"
1500,"['Services', 'Homepage', 'Blog', 'Checkout', 'FAQ']"
1501,"['Signup', 'Blog', 'Product Page', 'FAQ', 'Services']"
1502,"['Checkout', 'Homepage', 'FAQ']"
1503,"['Services', 'Checkout', 'FAQ', 'Review Page', 'Product Page']"
1504,"['Pricing', 'FAQ', 'Signup', 'Cart']"
1505,"['Blog', 'Pricing']"
1506,"['Cart', 'Blog', 'Pricing', 'FAQ']"
1507,"['Blog', 'FAQ', 'Services', 'Cart']"
1508,"['Contact Us', 'Review Page']"
1509,"['Contact Us', 'FAQ', 'Pricing', 'Product Page']"
1510,"['Cart', 'FAQ']"
1511,"['Contact Us', 'Signup', 'Pricing']"
1512,"['Checkout', 'Blog', 'Contact Us']"
1513,"['Contact Us', 'Signup', 'Homepage']"
1514,"['Cart', 'Checkout', 'Review Page']"
1515,"['Pricing', 'Review Page', 'FAQ']"
1516,"['Pricing', 'Checkout', 'Homepage', 'Product Page', 'Review Page']"
1517,"['Product Page', 'Pricing', 'Blog', 'FAQ', 'Services']"
1518,"['Cart', 'Pricing', 'Review Page']"
1519,"['Homepage', 'Review Page', 'Services', 'Blog']"
1520,"['Review Page', 'Contact Us', 'Blog', 'Cart']"
1521,"['Cart', 'Signup']"
1522,"['Contact Us', 'FAQ', 'Product Page', 'Homepage']"
1523,"['FAQ', 'Services']"
1524,"['Review Page', 'Contact Us', 'Homepage', 'Cart', 'Blog']"
1525,"['FAQ', 'Product Page', 'Review Page']"
1526,"['Blog', 'Pricing', 'Cart', 'Checkout']"
1527,"['Services', 'Product Page', 'Signup']"
1528,"['FAQ', 'Review Page', 'Checkout']"
1529,"['Pricing', 'Services', 'Contact Us', 'Signup']"
1530,"['Cart', 'Homepage']"
1531,"['Contact Us', 'Review Page', 'Services', 'Product Page']"
1532,"['Checkout', 'Pricing', 'Homepage', 'Signup', 'Review Page']"
1533,"['Contact Us', 'Checkout', 'Cart', 'Services', 'Pricing']"
1534,"['Product Page', 'Pricing', 'Blog']"
1535,"['Cart', 'FAQ', 'Contact Us', 'Signup']"
1536,"['Product Page', 'Signup', 'Checkout', 'Cart']"
1537,"['Checkout', 'Services', 'FAQ', 'Signup']"
1538,"['Services', 'FAQ', 'Product Page', 'Checkout']"
1539,"['Checkout', 'Blog', 'Pricing', 'Homepage', 'Review Page']"
1540,"['Pricing', 'Review Page']"
1541,"['Blog', 'Homepage', 'Services']"
1542,"['Product Page', 'Pricing', 'Contact Us', 'Signup', 'Blog']"
1543,"['Cart', 'Review Page']"
1544,"['Services', 'Contact Us']"
1545,"['Review Page', 'FAQ']"
1546,"['Homepage', 'Product Page', 'Contact Us', 'Review Page', 'Pricing']"
1547,"['Checkout', 'Review Page', 'Product Page', 'Cart']"
1548,"['Pricing', 'Product Page']"
1549,"['Homepage', 'Cart', 'Signup', 'Services', 'Pricing']"
1550,"['Product Page', 'Blog', 'Services', 'Cart']"
1551,"['FAQ', 'Checkout', 'Signup', 'Contact Us', 'Pricing']"
1552,"['Signup', 'Homepage', 'Product Page']"
1553,"['Signup', 'Contact Us', 'Cart', 'Product Page', 'Homepage']"
1554,"['Contact Us', 'FAQ']"
1555,"['Homepage', 'Cart']"
1556,"['Blog', 'Product Page', 'Cart', 'Pricing']"
1557,"['Review Page', 'FAQ', 'Pricing', 'Checkout']"
1558,"['Checkout', 'Services', 'Contact Us']"
1559,"['Services', 'FAQ', 'Pricing']"
1560,"['Review Page', 'Checkout', 'Signup', 'Cart', 'Product Page']"
1561,"['FAQ', 'Blog', 'Pricing', 'Contact Us', 'Cart']"
1562,"['Blog', 'FAQ']"
1563,"['Signup', 'Cart', 'Contact Us']"
1564,"['Contact Us', 'Review Page', 'Product Page', 'Blog', 'Pricing']"
1565,"['Cart', 'Checkout', 'Contact Us', 'Product Page', 'FAQ']"
1566,"['Pricing', 'FAQ']"
1567,"['Blog', 'Signup', 'Homepage']"
1568,"['Services', 'Product Page', 'Pricing', 'Signup', 'Contact Us']"
1569,"['Homepage', 'Blog', 'Cart', 'Product Page', 'Review Page']"
1570,"['Review Page', 'Pricing', 'Services']"
1571,"['Checkout', 'Product Page', 'Cart', 'Contact Us']"
1572,"['Contact Us', 'Homepage', 'Cart', 'FAQ']"
1573,"['Homepage', 'Contact Us', 'Services']"
1574,"['Cart', 'Blog', 'Signup', 'Review Page', 'Product Page']"
1575,"['Homepage', 'Product Page', 'Services', 'Blog', 'Contact Us']"
1576,"['Signup', 'FAQ', 'Checkout']"
1577,"['Product Page', 'Cart', 'Services', 'Checkout', 'Blog']"
1578,"['Blog', 'FAQ', 'Pricing', 'Services', 'Signup']"
1579,"['Signup', 'Pricing', 'Cart', 'Services', 'Contact Us']"
1580,"['Homepage', 'Contact Us']"
1581,"['Checkout', 'Pricing', 'Blog']"
1582,"['FAQ', 'Pricing', 'Checkout']"
1583,"['Cart', 'Review Page', 'Homepage', 'Signup', 'Services']"
1584,"['Checkout', 'Contact Us']"
1585,"['Services', 'Pricing']"
1586,"['Blog', 'Review Page', 'Checkout']"
1587,"['Cart', 'Contact Us']"
1588,"['Services', 'Signup', 'Cart']"
1589,"['Review Page', 'Checkout']"
1590,"['Review Page', 'Blog', 'Signup', 'Product Page', 'Checkout']"
1591,"['Signup', 'Blog', 'Homepage', 'Cart']"
1592,"['Cart', 'Checkout', 'Services', 'Signup', 'Review Page']"
1593,"['Signup', 'Homepage', 'FAQ']"
1594,"['Blog', 'Pricing']"
1595,"['Blog', 'Product Page', 'FAQ', 'Cart']"
1596,"['Blog', 'Review Page', 'Homepage', 'Checkout']"
1597,"['Services', 'Review Page', 'Contact Us']"
1598,"['Signup', 'Pricing', 'Services', 'Product Page']"
1599,"['Checkout', 'Blog']"
1600,"['Cart', 'Review Page']"
1601,"['Review Page', 'Homepage']"
1602,"['Services', 'Review Page', 'Checkout', 'Contact Us', 'FAQ']"
1603,"['Services', 'Review Page', 'Cart', 'Product Page']"
1604,"['Product Page', 'Checkout', 'Pricing', 'Homepage', 'Signup']"
1605,"['Signup', 'Contact Us']"
1606,"['Pricing', 'FAQ', 'Homepage', 'Contact Us']"
1607,"['Homepage', 'Services', 'Cart']"
1608,"['Signup', 'Blog', 'Review Page', 'FAQ', 'Pricing']"
1609,"['Services', 'Review Page']"
1610,"['Cart', 'Contact Us', 'Signup', 'Product Page', 'Blog']"
1611,"['Cart', 'Review Page', 'Services', 'Contact Us', 'Homepage']"
1612,"['FAQ', 'Signup', 'Homepage', 'Contact Us']"
1613,"['Contact Us', 'Product Page', 'Cart']"
1614,"['Signup', 'Homepage']"
1615,"['Services', 'Review Page']"
1616,"['Contact Us', 'FAQ']"
1617,"['Product Page', 'Services', 'Contact Us']"
1618,"['Homepage', 'Signup', 'FAQ', 'Pricing']"
1619,"['Signup', 'Cart', 'Product Page']"
1620,"['Homepage', 'Review Page', 'Pricing']"
1621,"['Checkout', 'FAQ', 'Review Page', 'Product Page', 'Homepage']"
1622,"['Services', 'Checkout']"
1623,"['Review Page', 'Signup', 'Cart', 'Services']"
1624,"['Pricing', 'Signup', 'FAQ', 'Product Page']"
1625,"['Review Page', 'Pricing', 'Homepage']"
1626,"['Cart', 'Pricing', 'Contact Us', 'Blog']"
1627,"['Review Page', 'Cart', 'Contact Us', 'Blog', 'Homepage']"
1628,"['Signup', 'Review Page', 'Product Page']"
1629,"['Review Page', 'Pricing']"
1630,"['Contact Us', 'Review Page', 'Services']"
1631,"['Blog', 'Cart']"
1632,"['Homepage', 'Cart', 'Product Page', 'FAQ', 'Services']"
1633,"['FAQ', 'Review Page', 'Checkout']"
1634,"['Blog', 'Review Page']"
1635,"['FAQ', 'Cart', 'Contact Us']"
1636,"['FAQ', 'Blog', 'Homepage', 'Pricing', 'Checkout']"
1637,"['Cart', 'Services', 'Signup']"
1638,"['Product Page', 'FAQ', 'Homepage']"
1639,"['Homepage', 'Contact Us', 'Signup']"
1640,"['Product Page', 'Services']"
1641,"['FAQ', 'Signup']"
1642,"['Pricing', 'Checkout']"
1643,"['FAQ', 'Contact Us', 'Homepage', 'Pricing', 'Signup']"
1644,"['Cart', 'Review Page']"
1645,"['Homepage', 'Pricing', 'Review Page', 'Contact Us']"
1646,"['Pricing', 'Contact Us', 'Product Page', 'Checkout']"
1647,"['Contact Us', 'Checkout', 'Homepage', 'Services']"
1648,"['Review Page', 'Cart', 'Checkout', 'Services', 'Pricing']"
1649,"['Pricing', 'Blog', 'Homepage', 'Signup', 'FAQ']"
1650,"['Signup', 'Review Page']"
1651,"['Cart', 'FAQ']"
1652,"['Blog', 'Contact Us']"
1653,"['Signup', 'FAQ', 'Contact Us']"
1654,"['Checkout', 'Contact Us']"
1655,"['Blog', 'FAQ', 'Services', 'Checkout']"
1656,"['Cart', 'FAQ']"
1657,"['Services', 'Pricing', 'Product Page', 'Homepage', 'Review Page']"
1658,"['Signup', 'Services', 'Blog']"
1659,"['Services', 'Signup', 'Cart', 'Pricing', 'Checkout']"
1660,"['Services', 'Blog']"
1661,"['Product Page', 'Checkout', 'FAQ', 'Signup', 'Review Page']"
1662,"['Checkout', 'Signup', 'Contact Us']"
1663,"['Contact Us', 'Signup']"
1664,"['Blog', 'Services', 'Signup', 'Homepage', 'Product Page']"
1665,"['Pricing', 'Signup', 'Review Page', 'Homepage']"
1666,"['Blog', 'Signup', 'Services', 'Product Page']"
1667,"['Review Page', 'Homepage', 'Checkout', 'Product Page']"
1668,"['Review Page', 'Product Page', 'Homepage']"
1669,"['Contact Us', 'Pricing', 'Cart', 'Signup', 'Checkout']"
1670,"['Product Page', 'Signup', 'Checkout', 'Contact Us']"
1671,"['Services', 'FAQ', 'Pricing', 'Product Page']"
1672,"['Pricing', 'Services', 'Product Page', 'Contact Us', 'Homepage']"
1673,"['Blog', 'Pricing', 'FAQ']"
1674,"['Pricing', 'Services', 'Checkout', 'Blog', 'Contact Us']"
1675,"['Signup', 'Product Page', 'Homepage', 'Pricing', 'Contact Us']"
1676,"['Services', 'Homepage', 'Checkout', 'Cart']"
1677,"['Contact Us', 'Product Page', 'Checkout', 'Pricing', 'Review Page']"
1678,"['Services', 'Contact Us', 'Blog', 'Checkout']"
1679,"['Review Page', 'Homepage', 'Product Page']"
1680,"['Signup', 'FAQ', 'Services', 'Blog', 'Review Page']"
1681,"['Cart', 'Checkout', 'Blog']"
1682,"['Homepage', 'Product Page']"
1683,"['Cart', 'Signup', 'Product Page']"
1684,"['Homepage', 'Services', 'Cart']"
1685,"['Homepage', 'Pricing', 'Product Page']"
1686,"['Cart', 'Services', 'FAQ', 'Product Page']"
1687,"['Contact Us', 'Pricing', 'FAQ', 'Checkout', 'Cart']"
1688,"['Checkout', 'FAQ', 'Cart']"
1689,"['Review Page', 'Pricing', 'Signup']"
1690,"['Blog', 'Contact Us', 'Product Page']"
1691,"['FAQ', 'Contact Us', 'Product Page', 'Services']"
1692,"['Services', 'Product Page']"
1693,"['Review Page', 'Blog', 'Pricing']"
1694,"['Review Page', 'FAQ', 'Product Page', 'Contact Us', 'Cart']"
1695,"['Contact Us', 'Cart']"
1696,"['Checkout', 'Services']"
1697,"['FAQ', 'Contact Us', 'Review Page', 'Services']"
1698,"['FAQ', 'Cart', 'Review Page', 'Homepage']"
1699,"['Homepage', 'Checkout', 'Contact Us', 'FAQ', 'Review Page']"
1700,"['Signup', 'Blog', 'Homepage', 'Checkout', 'Review Page']"
1701,"['Homepage', 'Checkout']"
1702,"['FAQ', 'Pricing']"
1703,"['Product Page', 'Pricing']"
1704,"['Homepage', 'Product Page', 'Blog', 'Review Page']"
1705,"['Contact Us', 'Services', 'Homepage', 'Cart']"
1706,"['Pricing', 'Checkout', 'Services']"
1707,"['Blog', 'Cart', 'Services', 'Signup', 'Pricing']"
1708,"['FAQ', 'Signup', 'Checkout']"
1709,"['Services', 'FAQ', 'Checkout', 'Cart', 'Review Page']"
1710,"['Product Page', 'Services', 'Blog']"
1711,"['Cart', 'Contact Us', 'Checkout', 'Blog', 'Review Page']"
1712,"['Cart', 'FAQ', 'Services', 'Contact Us', 'Blog']"
1713,"['FAQ', 'Homepage', 'Services']"
1714,"['Cart', 'Pricing']"
1715,"['Services', 'Review Page', 'Homepage']"
1716,"['Signup', 'Contact Us', 'Pricing', 'Cart', 'Checkout']"
1717,"['Cart', 'Checkout']"
1718,"['Signup', 'Contact Us']"
1719,"['Checkout', 'Signup', 'Cart', 'Contact Us', 'Services']"
1720,"['Signup', 'Blog', 'FAQ', 'Review Page']"
1721,"['Blog', 'Signup']"
1722,"['Review Page', 'Checkout', 'Pricing', 'Contact Us', 'Cart']"
1723,"['Blog', 'Pricing', 'Homepage']"
1724,"['Review Page', 'Blog', 'Pricing', 'Product Page']"
1725,"['Services', 'Homepage', 'Blog', 'Review Page']"
1726,"['Blog', 'Pricing', 'Signup']"
1727,"['Checkout', 'Homepage', 'Pricing', 'Cart']"
1728,"['FAQ', 'Signup']"
1729,"['Services', 'Contact Us']"
1730,"['Homepage', 'Services', 'Cart', 'FAQ']"
1731,"['Review Page', 'Signup', 'Homepage', 'Cart', 'Services']"
1732,"['Contact Us', 'Checkout', 'Blog']"
1733,"['Checkout', 'Contact Us', 'Signup']"
1734,"['Contact Us', 'Services']"
1735,"['Review Page', 'Pricing', 'Homepage', 'Contact Us', 'Product Page']"
1736,"['Checkout', 'Blog', 'Product Page', 'Homepage']"
1737,"['Contact Us', 'Homepage', 'Product Page', 'Services', 'FAQ']"
1738,"['Homepage', 'Pricing', 'Product Page', 'FAQ']"
1739,"['Contact Us', 'Services', 'Product Page', 'Cart', 'Blog']"
1740,"['Checkout', 'Homepage', 'Blog', 'Review Page', 'FAQ']"
1741,"['FAQ', 'Review Page']"
1742,"['Cart', 'Contact Us', 'Blog']"
1743,"['Homepage', 'Signup', 'Checkout']"
1744,"['Product Page', 'Contact Us', 'Review Page', 'Cart']"
1745,"['Cart', 'Checkout', 'Review Page']"
1746,"['Homepage', 'FAQ']"
1747,"['Contact Us', 'Signup', 'Checkout', 'Review Page']"
1748,"['Homepage', 'Product Page', 'Blog', 'Contact Us']"
1749,"['Homepage', 'Cart', 'Pricing']"
1750,"['Cart', 'Signup', 'Review Page', 'Product Page']"
1751,"['Services', 'Review Page', 'FAQ', 'Homepage', 'Product Page']"
1752,"['Signup', 'Product Page', 'Services', 'Homepage', 'FAQ']"
1753,"['Services', 'Signup']"
1754,"['Product Page', 'Blog', 'Services', 'FAQ']"
1755,"['Review Page', 'Contact Us', 'Signup']"
1756,"['Services', 'Pricing', 'Signup', 'Blog', 'Homepage']"
1757,"['Checkout', 'Cart', 'Homepage', 'Review Page', 'FAQ']"
1758,"['Contact Us', 'Product Page', 'Homepage']"
1759,"['Cart', 'Contact Us', 'Pricing', 'Review Page']"
1760,"['Contact Us', 'FAQ']"
1761,"['Pricing', 'Cart', 'Services', 'Review Page']"
1762,"['Review Page', 'Services']"
1763,"['Signup', 'FAQ', 'Services']"
1764,"['Cart', 'Homepage', 'Review Page', 'Product Page', 'Checkout']"
1765,"['Product Page', 'Pricing', 'Services', 'Blog', 'Homepage']"
1766,"['Checkout', 'Signup', 'Homepage']"
1767,"['Blog', 'Signup']"
1768,"['Review Page', 'Pricing', 'Services']"
1769,"['Blog', 'Checkout']"
1770,"['FAQ', 'Product Page', 'Blog']"
1771,"['Review Page', 'Cart', 'Blog', 'Signup', 'FAQ']"
1772,"['Services', 'Cart', 'FAQ', 'Signup', 'Review Page']"
1773,"['Services', 'Contact Us']"
1774,"['Signup', 'Cart', 'Contact Us']"
1775,"['Checkout', 'Blog', 'Product Page', 'Services', 'Review Page']"
1776,"['Signup', 'Review Page', 'Checkout', 'Blog', 'Pricing']"
1777,"['Contact Us', 'Checkout', 'Homepage', 'Blog', 'Review Page']"
1778,"['Product Page', 'Pricing', 'Homepage', 'Review Page', 'Contact Us']"
1779,"['Pricing', 'Contact Us', 'Product Page']"
1780,"['Blog', 'Pricing', 'Checkout', 'Review Page', 'Homepage']"
1781,"['Checkout', 'Product Page']"
1782,"['Review Page', 'FAQ']"
1783,"['Services', 'Blog', 'Review Page', 'Signup']"
1784,"['Blog', 'Signup']"
1785,"['Checkout', 'Pricing', 'Homepage', 'Contact Us', 'Services']"
1786,"['Contact Us', 'Product Page', 'Blog', 'Review Page']"
1787,"['FAQ', 'Review Page', 'Cart', 'Checkout']"
1788,"['Services', 'Blog', 'Contact Us', 'Review Page']"
1789,"['Signup', 'Checkout', 'Review Page']"
1790,"['Blog', 'Checkout']"
1791,"['FAQ', 'Cart', 'Product Page', 'Contact Us']"
1792,"['Checkout', 'FAQ', 'Services', 'Review Page', 'Contact Us']"
1793,"['Pricing', 'FAQ', 'Contact Us', 'Checkout', 'Cart']"
1794,"['Homepage', 'Pricing', 'Review Page']"
1795,"['Contact Us', 'Product Page', 'Signup']"
1796,"['Product Page', 'Review Page']"
1797,"['Checkout', 'Signup', 'Product Page', 'Services']"
1798,"['FAQ', 'Services', 'Checkout']"
1799,"['Pricing', 'Review Page', 'Blog', 'Cart', 'Services']"
1800,"['Cart', 'Checkout', 'Homepage', 'Pricing', 'Signup']"
1801,"['Product Page', 'Pricing']"
1802,"['Signup', 'Checkout', 'Pricing', 'Cart', 'FAQ']"
1803,"['Contact Us', 'Cart', 'Checkout', 'FAQ', 'Blog']"
1804,"['Review Page', 'Checkout', 'Blog']"
1805,"['Cart', 'Services']"
1806,"['Homepage', 'Pricing', 'Review Page']"
1807,"['Review Page', 'Product Page', 'FAQ', 'Blog']"
1808,"['Services', 'Pricing', 'FAQ', 'Cart', 'Signup']"
1809,"['Services', 'Contact Us', 'Product Page', 'Cart']"
1810,"['Cart', 'Checkout', 'Services', 'Signup', 'Contact Us']"
1811,"['Homepage', 'Contact Us', 'Cart', 'Services']"
1812,"['Homepage', 'Checkout', 'Services']"
1813,"['Cart', 'FAQ', 'Homepage']"
1814,"['Product Page', 'Homepage', 'Blog', 'Cart']"
1815,"['Checkout', 'FAQ', 'Review Page']"
1816,"['FAQ', 'Review Page', 'Services', 'Checkout']"
1817,"['Homepage', 'Product Page']"
1818,"['Checkout', 'FAQ']"
1819,"['Review Page', 'Pricing', 'Product Page']"
1820,"['Blog', 'Pricing', 'Homepage']"
1821,"['Homepage', 'Services', 'Checkout', 'Contact Us', 'Product Page']"
1822,"['FAQ', 'Blog', 'Signup']"
1823,"['Contact Us', 'Pricing']"
1824,"['Signup', 'Cart', 'Review Page', 'Services']"
1825,"['Contact Us', 'Blog']"
1826,"['Product Page', 'Services', 'Pricing', 'Signup']"
1827,"['FAQ', 'Homepage']"
1828,"['Cart', 'Pricing', 'Homepage', 'Blog', 'Checkout']"
1829,"['Contact Us', 'Cart']"
1830,"['Pricing', 'Services', 'Homepage', 'Checkout']"
1831,"['Cart', 'Review Page', 'Services', 'Homepage']"
1832,"['Review Page', 'Services']"
1833,"['Signup', 'Review Page', 'Services']"
1834,"['Checkout', 'Blog', 'Contact Us']"
1835,"['Review Page', 'Cart', 'Services', 'Signup']"
1836,"['Checkout', 'Pricing', 'Signup', 'Review Page']"
1837,"['Services', 'Contact Us', 'Product Page']"
1838,"['Contact Us', 'Cart', 'Pricing', 'FAQ', 'Review Page']"
1839,"['Services', 'Blog', 'Signup']"
1840,"['FAQ', 'Signup', 'Blog', 'Services']"
1841,"['Checkout', 'Signup']"
1842,"['Services', 'Product Page', 'Cart', 'Checkout', 'Homepage']"
1843,"['Review Page', 'Signup', 'Contact Us']"
1844,"['Pricing', 'Product Page']"
1845,"['Cart', 'Signup', 'FAQ', 'Contact Us', 'Homepage']"
1846,"['Product Page', 'Cart']"
1847,"['Checkout', 'Contact Us', 'Cart', 'Signup', 'Product Page']"
1848,"['Review Page', 'Product Page', 'Checkout', 'Cart', 'Blog']"
1849,"['Signup', 'Homepage', 'Product Page', 'Checkout', 'Cart']"
1850,"['Services', 'FAQ', 'Contact Us', 'Pricing', 'Checkout']"
1851,"['Checkout', 'Blog', 'Homepage']"
1852,"['Checkout', 'Blog']"
1853,"['Checkout', 'Contact Us']"
1854,"['Services', 'Signup']"
1855,"['FAQ', 'Product Page', 'Blog', 'Signup', 'Contact Us']"
1856,"['Checkout', 'Product Page', 'Signup', 'Cart', 'Blog']"
1857,"['Signup', 'Product Page']"
1858,"['FAQ', 'Signup', 'Product Page', 'Checkout']"
1859,"['Homepage', 'Cart']"
1860,"['Signup', 'Homepage', 'Services', 'Blog']"
1861,"['Checkout', 'FAQ', 'Contact Us', 'Signup']"
1862,"['Signup', 'Product Page', 'Blog', 'FAQ', 'Checkout']"
1863,"['Signup', 'Cart']"
1864,"['Pricing', 'Homepage', 'FAQ']"
1865,"['Blog', 'Signup', 'Checkout', 'Contact Us', 'Services']"
1866,"['Cart', 'Contact Us']"
1867,"['Review Page', 'Contact Us', 'Homepage']"
1868,"['Blog', 'Product Page', 'FAQ', 'Checkout', 'Contact Us']"
1869,"['Review Page', 'Product Page', 'Cart', 'Services', 'Contact Us']"
1870,"['Services', 'Homepage', 'Checkout']"
1871,"['Services', 'Blog']"
1872,"['Homepage', 'Signup', 'Contact Us', 'Services', 'Review Page']"
1873,"['Product Page', 'Signup', 'FAQ', 'Cart']"
1874,"['FAQ', 'Services', 'Review Page', 'Checkout']"
1875,"['Checkout', 'Pricing', 'Services', 'Blog', 'Signup']"
1876,"['Review Page', 'Contact Us']"
1877,"['Contact Us', 'Product Page', 'Cart']"
1878,"['Homepage', 'Signup', 'Review Page', 'FAQ', 'Cart']"
1879,"['Signup', 'Homepage', 'Pricing']"
1880,"['Cart', 'Services']"
1881,"['Checkout', 'Contact Us', 'Services', 'Signup', 'Review Page']"
1882,"['Review Page', 'Signup', 'Services', 'FAQ']"
1883,"['Contact Us', 'Blog']"
1884,"['Homepage', 'Contact Us', 'Checkout', 'Product Page', 'Pricing']"
1885,"['Signup', 'Services', 'Checkout', 'Review Page']"
1886,"['Product Page', 'Blog', 'Services', 'Pricing', 'Review Page']"
1887,"['Checkout', 'Blog']"
1888,"['Contact Us', 'Homepage']"
1889,"['Homepage', 'Cart', 'Blog']"
1890,"['Services', 'Contact Us', 'FAQ']"
1891,"['Contact Us', 'Signup']"
1892,"['Homepage', 'Product Page', 'Contact Us', 'Review Page', 'Cart']"
1893,"['FAQ', 'Contact Us', 'Blog']"
1894,"['Contact Us', 'Product Page', 'Signup', 'FAQ', 'Services']"
1895,"['Cart', 'Homepage', 'Review Page', 'Services', 'Blog']"
1896,"['Contact Us', 'Services', 'Pricing', 'Product Page']"
1897,"['Blog', 'Pricing', 'FAQ', 'Homepage', 'Services']"
1898,"['Product Page', 'Signup', 'Contact Us', 'Cart', 'FAQ']"
1899,"['Blog', 'Contact Us', 'Checkout', 'Cart', 'Review Page']"
1900,"['Services', 'Homepage', 'Product Page', 'Cart']"
1901,"['Cart', 'Review Page', 'Services', 'FAQ']"
1902,"['Product Page', 'Homepage', 'FAQ']"
1903,"['Checkout', 'Cart']"
1904,"['Cart', 'Review Page', 'Blog', 'Contact Us']"
1905,"['Pricing', 'Signup', 'Product Page', 'FAQ', 'Review Page']"
1906,"['Services', 'Checkout', 'Blog']"
1907,"['Cart', 'Checkout']"
1908,"['FAQ', 'Product Page', 'Signup', 'Contact Us']"
1909,"['Pricing', 'FAQ', 'Cart', 'Services', 'Review Page']"
1910,"['Checkout', 'Services', 'FAQ']"
1911,"['Checkout', 'Services']"
1912,"['Services', 'Signup', 'Pricing']"
1913,"['Blog', 'Pricing', 'Homepage', 'Checkout']"
1914,"['Signup', 'Homepage', 'Review Page']"
1915,"['Product Page', 'Homepage', 'Cart', 'Blog']"
1916,"['Product Page', 'Checkout', 'Blog']"
1917,"['Blog', 'Services']"
1918,"['Homepage', 'Pricing', 'Services', 'Blog']"
1919,"['Cart', 'Blog']"
1920,"['Pricing', 'Review Page', 'Blog', 'Cart']"
1921,"['Review Page', 'Product Page']"
1922,"['Pricing', 'Cart']"
1923,"['Cart', 'Signup', 'Services']"
1924,"['FAQ', 'Review Page', 'Pricing', 'Product Page']"
1925,"['Contact Us', 'Signup', 'Cart', 'Pricing', 'Blog']"
1926,"['Cart', 'Pricing']"
1927,"['FAQ', 'Contact Us', 'Review Page']"
1928,"['Contact Us', 'Cart', 'Homepage', 'Product Page']"
1929,"['Signup', 'FAQ', 'Services']"
1930,"['Review Page', 'FAQ']"
1931,"['Services', 'Signup', 'Cart', 'FAQ']"
1932,"['Pricing', 'Cart', 'FAQ']"
1933,"['Homepage', 'Signup', 'Blog']"
1934,"['Blog', 'Review Page', 'Pricing', 'Cart', 'Signup']"
1935,"['FAQ', 'Contact Us']"
1936,"['Homepage', 'Services', 'Cart', 'Pricing', 'Checkout']"
1937,"['Pricing', 'Contact Us']"
1938,"['Homepage', 'Cart']"
1939,"['Product Page', 'Signup', 'Blog', 'Review Page']"
1940,"['Pricing', 'Homepage', 'Product Page', 'Services']"
1941,"['Homepage', 'Signup', 'Contact Us', 'Services', 'Checkout']"
1942,"['Checkout', 'Pricing', 'Services', 'Cart', 'Homepage']"
1943,"['Product Page', 'Signup', 'Checkout', 'Homepage']"
1944,"['Blog', 'Cart']"
1945,"['Blog', 'Checkout', 'Product Page', 'Services']"
1946,"['Checkout', 'Homepage']"
1947,"['Pricing', 'Contact Us', 'Cart']"
1948,"['Pricing', 'Services', 'Checkout']"
1949,"['Pricing', 'Product Page', 'Review Page']"
1950,"['Homepage', 'Pricing', 'Contact Us', 'Blog']"
1951,"['Blog', 'Signup', 'Product Page', 'Cart', 'Homepage']"
1952,"['Review Page', 'Homepage']"
1953,"['Signup', 'Pricing', 'Blog']"
1954,"['Review Page', 'Blog', 'Homepage', 'Contact Us', 'Signup']"
1955,"['Product Page', 'Pricing', 'Services']"
1956,"['Checkout', 'Blog', 'Signup']"
1957,"['Services', 'Checkout', 'Homepage', 'Blog']"
1958,"['Product Page', 'Blog']"
1959,"['Contact Us', 'Product Page']"
1960,"['Checkout', 'Blog', 'FAQ']"
1961,"['Contact Us', 'Blog', 'Pricing', 'Homepage', 'Services']"
1962,"['Product Page', 'Pricing', 'Homepage', 'Services', 'Checkout']"
1963,"['Signup', 'Services', 'Checkout', 'Contact Us', 'Pricing']"
1964,"['Signup', 'Homepage', 'Blog', 'Contact Us', 'Checkout']"
1965,"['Checkout', 'Homepage', 'Signup', 'Cart', 'Review Page']"
1966,"['Signup', 'Cart', 'Services', 'Product Page']"
1967,"['Checkout', 'Contact Us', 'FAQ']"
1968,"['Services', 'Pricing', 'Blog', 'Checkout', 'FAQ']"
1969,"['Services', 'Cart']"
1970,"['Cart', 'Blog', 'Contact Us', 'Signup', 'Checkout']"
1971,"['Homepage', 'Signup', 'Pricing', 'Blog']"
1972,"['Services', 'Homepage']"
1973,"['Blog', 'Review Page', 'FAQ', 'Product Page', 'Cart']"
1974,"['FAQ', 'Product Page', 'Contact Us']"
1975,"['Cart', 'FAQ', 'Services', 'Pricing']"
1976,"['Services', 'Checkout', 'Blog', 'Product Page', 'Review Page']"
1977,"['Signup', 'Product Page', 'Homepage', 'Contact Us', 'Cart']"
1978,"['Cart', 'Services', 'Homepage', 'Checkout', 'Pricing']"
1979,"['Cart', 'Services', 'Homepage', 'Review Page']"
1980,"['Homepage', 'Contact Us']"
1981,"['Contact Us', 'Pricing']"
1982,"['Pricing', 'Product Page', 'Signup']"
1983,"['FAQ', 'Contact Us']"
1984,"['Blog', 'Pricing', 'FAQ']"
1985,"['Product Page', 'Review Page', 'Signup', 'Checkout', 'Services']"
1986,"['Signup', 'FAQ']"
1987,"['Cart', 'Pricing']"
1988,"['FAQ', 'Product Page']"
1989,"['FAQ', 'Signup', 'Pricing', 'Checkout']"
1990,"['Services', 'Product Page']"
1991,"['Blog', 'FAQ']"
1992,"['Homepage', 'Review Page', 'FAQ']"
1993,"['FAQ', 'Services']"
1994,"['Blog', 'Cart', 'FAQ', 'Product Page']"
1995,"['Blog', 'Product Page', 'Homepage', 'Pricing', 'Contact Us']"
1996,"['Product Page', 'Checkout', 'Signup']"
1997,"['Services', 'Cart', 'Pricing', 'Review Page']"
1998,"['FAQ', 'Checkout', 'Product Page']"
1999,"['FAQ', 'Signup', 'Services', 'Blog']"
2000,"['Signup', 'Services', 'Contact Us', 'Homepage']"
