Transaction,Items
1,"['Juice', 'Eggs']"
2,"['Eggs', 'Beer']"
3,"['Butter', 'Coke', 'Eggs', 'Juice']"
4,"['Bread', 'Juice', 'Diapers', 'Milk', 'Coke']"
5,"['Milk', 'Juice', 'Butter']"
6,"['Juice', 'Bread', 'Diapers']"
7,"['Milk', 'Beer']"
8,"['Beer', 'Diapers', 'Coke', 'Bread']"
9,"['Eggs', 'Coke', 'Milk', 'Diapers']"
10,"['Juice', 'Bread', 'Beer']"
11,"['Diapers', 'Juice', 'Butter', 'Coke']"
12,"['Juice', 'Eggs', 'Diapers', 'Bread', 'Milk']"
13,"['Butter', 'Juice', 'Milk']"
14,"['Bread', 'Butter', 'Juice']"
15,"['Diapers', 'Coke', 'Bread', 'Beer']"
16,"['Diapers', 'Coke', 'Juice', 'Milk', 'Butter']"
17,"['Juice', 'Bread', 'Coke', 'Beer']"
18,"['Coke', 'Juice', 'Butter', 'Bread']"
19,"['Diapers', 'Eggs']"
20,"['Beer', 'Diapers', 'Coke']"
21,"['Bread', 'Butter', 'Diapers', 'Beer']"
22,"['Milk', 'Juice', 'Diapers', 'Coke']"
23,"['Beer', 'Milk', 'Eggs']"
24,"['Beer', 'Bread']"
25,"['Diapers', 'Bread']"
26,"['Diapers', 'Milk', 'Juice', 'Butter', 'Beer']"
27,"['Bread', 'Milk', 'Butter']"
28,"['Butter', 'Coke', 'Bread', 'Milk', 'Eggs']"
29,"['Beer', 'Milk', 'Coke', 'Bread']"
30,"['Milk', 'Coke']"
31,"['Beer', 'Milk', 'Eggs', 'Diapers', 'Butter']"
32,"['Beer', 'Coke', 'Diapers', 'Butter', 'Juice']"
33,"['Milk', 'Bread', 'Butter', 'Coke', 'Eggs']"
34,"['Juice', 'Beer']"
35,"['Diapers', 'Bread', 'Coke']"
36,"['Juice', 'Milk']"
37,"['Bread', 'Diapers']"
38,"['Coke', 'Butter']"
39,"['Beer', 'Coke', 'Juice', 'Eggs']"
40,"['Coke', 'Beer', 'Eggs']"
41,"['Diapers', 'Beer', 'Bread', 'Coke', 'Milk']"
42,"['Coke', 'Eggs', 'Diapers', 'Bread', 'Butter']"
43,"['Butter', 'Bread', 'Juice']"
44,"['Coke', 'Bread', 'Juice']"
45,"['Milk', 'Bread']"
46,"['Diapers', 'Butter', 'Bread', 'Juice', 'Coke']"
47,"['Eggs', 'Diapers', 'Coke', 'Beer', 'Juice']"
48,"['Juice', 'Eggs', 'Coke']"
49,"['Milk', 'Diapers']"
50,"['Eggs', 'Beer', 'Coke']"
51,"['Diapers', 'Bread']"
52,"['Diapers', 'Bread', 'Juice']"
53,"['Beer', 'Coke', 'Milk', 'Diapers']"
54,"['Beer', 'Diapers']"
55,"['Coke', 'Eggs']"
56,"['Milk', 'Eggs']"
57,"['Butter', 'Bread', 'Beer', 'Milk']"
58,"['Coke', 'Juice', 'Butter', 'Diapers', 'Beer']"
59,"['Juice', 'Coke', 'Butter']"
60,"['Beer', 'Diapers', 'Eggs', 'Coke']"
61,"['Butter', 'Coke', 'Diapers', 'Juice', 'Eggs']"
62,"['Butter', 'Juice', 'Eggs']"
63,"['Juice', 'Diapers']"
64,"['Coke', 'Eggs', 'Butter']"
65,"['Diapers', 'Coke', 'Bread']"
66,"['Coke', 'Juice', 'Butter', 'Eggs', 'Milk']"
67,"['Juice', 'Butter']"
68,"['Juice', 'Coke', 'Beer', 'Milk', 'Butter']"
69,"['Milk', 'Coke', 'Diapers', 'Juice', 'Eggs']"
70,"['Juice', 'Beer', 'Diapers', 'Eggs', 'Bread']"
71,"['Juice', 'Coke', 'Butter']"
72,"['Coke', 'Beer', 'Eggs', 'Bread']"
73,"['Beer', 'Butter', 'Diapers', 'Coke']"
74,"['Diapers', 'Eggs', 'Bread', 'Butter', 'Beer']"
75,"['Milk', 'Eggs', 'Coke', 'Diapers']"
76,"['Juice', 'Milk', 'Eggs']"
77,"['Eggs', 'Diapers']"
78,"['Diapers', 'Bread', 'Juice', 'Coke', 'Milk']"
79,"['Juice', 'Beer', 'Butter', 'Diapers', 'Coke']"
80,"['Coke', 'Juice', 'Butter']"
81,"['Diapers', 'Milk', 'Coke', 'Butter']"
82,"['Beer', 'Juice']"
83,"['Milk', 'Juice', 'Beer']"
84,"['Coke', 'Bread', 'Juice', 'Beer']"
85,"['Milk', 'Eggs', 'Juice', 'Coke']"
86,"['Butter', 'Juice']"
87,"['Milk', 'Juice', 'Eggs', 'Butter', 'Coke']"
88,"['Diapers', 'Milk', 'Coke']"
89,"['Butter', 'Coke', 'Bread', 'Juice']"
90,"['Coke', 'Butter', 'Eggs', 'Beer', 'Bread']"
91,"['Juice', 'Bread', 'Coke', 'Butter']"
92,"['Juice', 'Butter', 'Milk', 'Beer', 'Coke']"
93,"['Bread', 'Diapers', 'Coke', 'Butter', 'Juice']"
94,"['Beer', 'Eggs', 'Coke', 'Milk', 'Bread']"
95,"['Beer', 'Juice', 'Milk', 'Bread']"
96,"['Bread', 'Beer']"
97,"['Diapers', 'Milk', 'Eggs']"
98,"['Beer', 'Coke', 'Eggs']"
99,"['Diapers', 'Beer']"
100,"['Eggs', 'Milk']"
101,"['Bread', 'Coke', 'Milk', 'Diapers', 'Beer']"
102,"['Coke', 'Juice']"
103,"['Bread', 'Eggs', 'Coke', 'Milk', 'Beer']"
104,"['Coke', 'Juice', 'Butter']"
105,"['Coke', 'Beer', 'Bread']"
106,"['Bread', 'Butter', 'Eggs']"
107,"['Diapers', 'Milk', 'Bread']"
108,"['Eggs', 'Coke', 'Diapers', 'Milk', 'Beer']"
109,"['Bread', 'Coke', 'Eggs', 'Beer', 'Juice']"
110,"['Eggs', 'Coke', 'Butter', 'Diapers']"
111,"['Eggs', 'Juice', 'Bread']"
112,"['Beer', 'Milk', 'Butter', 'Diapers']"
113,"['Butter', 'Milk', 'Beer']"
114,"['Juice', 'Milk']"
115,"['Eggs', 'Butter']"
116,"['Coke', 'Diapers', 'Beer', 'Milk', 'Bread']"
117,"['Juice', 'Butter', 'Bread', 'Milk', 'Beer']"
118,"['Beer', 'Eggs', 'Milk', 'Butter', 'Coke']"
119,"['Beer', 'Butter', 'Diapers']"
120,"['Coke', 'Milk', 'Butter', 'Diapers']"
121,"['Eggs', 'Coke', 'Bread', 'Milk', 'Butter']"
122,"['Milk', 'Diapers', 'Beer', 'Eggs']"
123,"['Juice', 'Eggs', 'Coke']"
124,"['Diapers', 'Milk', 'Bread', 'Butter']"
125,"['Juice', 'Bread', 'Milk']"
126,"['Bread', 'Coke', 'Milk', 'Butter', 'Eggs']"
127,"['Bread', 'Juice', 'Diapers', 'Coke', 'Beer']"
128,"['Coke', 'Juice', 'Milk']"
129,"['Beer', 'Milk', 'Coke', 'Eggs', 'Butter']"
130,"['Coke', 'Milk']"
131,"['Milk', 'Eggs']"
132,"['Butter', 'Diapers', 'Beer']"
133,"['Coke', 'Butter', 'Bread', 'Juice', 'Beer']"
134,"['Eggs', 'Juice', 'Diapers', 'Bread', 'Coke']"
135,"['Bread', 'Beer', 'Diapers']"
136,"['Bread', 'Beer', 'Coke', 'Diapers', 'Juice']"
137,"['Butter', 'Bread', 'Juice', 'Beer', 'Diapers']"
138,"['Eggs', 'Butter', 'Beer', 'Coke', 'Milk']"
139,"['Coke', 'Butter']"
140,"['Milk', 'Diapers', 'Butter', 'Beer']"
141,"['Bread', 'Juice', 'Beer']"
142,"['Beer', 'Butter', 'Diapers']"
143,"['Milk', 'Beer', 'Bread']"
144,"['Beer', 'Eggs', 'Juice']"
145,"['Juice', 'Butter', 'Beer', 'Milk']"
146,"['Juice', 'Coke', 'Beer', 'Milk']"
147,"['Juice', 'Milk']"
148,"['Juice', 'Coke', 'Bread']"
149,"['Diapers', 'Bread', 'Coke', 'Butter']"
150,"['Eggs', 'Butter']"
151,"['Beer', 'Coke', 'Eggs', 'Diapers', 'Butter']"
152,"['Milk', 'Eggs', 'Juice']"
153,"['Beer', 'Milk', 'Diapers']"
154,"['Eggs', 'Diapers', 'Milk', 'Juice', 'Coke']"
155,"['Milk', 'Butter', 'Beer']"
156,"['Diapers', 'Butter', 'Bread']"
157,"['Butter', 'Juice', 'Bread', 'Diapers', 'Milk']"
158,"['Coke', 'Beer', 'Bread']"
159,"['Bread', 'Butter']"
160,"['Milk', 'Beer', 'Diapers', 'Eggs']"
161,"['Butter', 'Coke', 'Eggs']"
162,"['Beer', 'Juice', 'Bread', 'Coke', 'Eggs']"
163,"['Bread', 'Coke', 'Juice', 'Diapers', 'Eggs']"
164,"['Beer', 'Bread']"
165,"['Butter', 'Juice', 'Coke']"
166,"['Bread', 'Diapers']"
167,"['Coke', 'Beer']"
168,"['Coke', 'Diapers', 'Beer', 'Milk', 'Bread']"
169,"['Milk', 'Diapers']"
170,"['Milk', 'Butter', 'Bread', 'Coke']"
171,"['Diapers', 'Juice', 'Eggs', 'Butter', 'Milk']"
172,"['Juice', 'Diapers', 'Butter']"
173,"['Juice', 'Diapers', 'Milk']"
174,"['Beer', 'Bread', 'Juice', 'Eggs', 'Butter']"
175,"['Bread', 'Eggs', 'Coke', 'Diapers', 'Beer']"
176,"['Butter', 'Milk', 'Beer']"
177,"['Bread', 'Butter']"
178,"['Eggs', 'Coke', 'Beer', 'Juice']"
179,"['Diapers', 'Coke', 'Milk', 'Beer', 'Bread']"
180,"['Coke', 'Eggs', 'Bread', 'Diapers']"
181,"['Coke', 'Eggs', 'Butter', 'Bread']"
182,"['Juice', 'Bread']"
183,"['Milk', 'Beer']"
184,"['Diapers', 'Juice', 'Beer']"
185,"['Butter', 'Coke', 'Beer', 'Milk', 'Diapers']"
186,"['Eggs', 'Milk']"
187,"['Beer', 'Milk', 'Butter', 'Diapers', 'Bread']"
188,"['Bread', 'Milk']"
189,"['Coke', 'Eggs', 'Bread', 'Milk', 'Beer']"
190,"['Butter', 'Milk', 'Bread']"
191,"['Milk', 'Eggs']"
192,"['Butter', 'Eggs', 'Coke']"
193,"['Eggs', 'Milk', 'Juice', 'Butter']"
194,"['Butter', 'Juice', 'Eggs', 'Diapers', 'Coke']"
195,"['Eggs', 'Juice', 'Coke']"
196,"['Butter', 'Coke', 'Bread', 'Milk']"
197,"['Butter', 'Diapers', 'Eggs', 'Coke']"
198,"['Milk', 'Eggs', 'Juice', 'Coke']"
199,"['Eggs', 'Beer']"
200,"['Beer', 'Eggs']"
201,"['Juice', 'Bread']"
202,"['Butter', 'Juice', 'Diapers', 'Coke']"
203,"['Milk', 'Diapers']"
204,"['Diapers', 'Eggs']"
205,"['Diapers', 'Butter', 'Milk', 'Coke', 'Beer']"
206,"['Diapers', 'Beer', 'Eggs', 'Bread', 'Juice']"
207,"['Butter', 'Juice', 'Coke', 'Eggs', 'Bread']"
208,"['Milk', 'Diapers', 'Coke', 'Butter']"
209,"['Milk', 'Diapers']"
210,"['Milk', 'Juice']"
211,"['Bread', 'Milk', 'Juice']"
212,"['Diapers', 'Coke', 'Beer', 'Butter']"
213,"['Milk', 'Bread', 'Coke', 'Eggs', 'Beer']"
214,"['Butter', 'Eggs', 'Bread']"
215,"['Diapers', 'Butter', 'Coke', 'Beer', 'Milk']"
216,"['Coke', 'Juice', 'Bread']"
217,"['Eggs', 'Coke', 'Diapers']"
218,"['Juice', 'Milk', 'Beer', 'Coke']"
219,"['Beer', 'Coke', 'Bread']"
220,"['Diapers', 'Beer', 'Butter', 'Juice']"
221,"['Milk', 'Juice', 'Beer', 'Diapers', 'Butter']"
222,"['Juice', 'Diapers', 'Eggs']"
223,"['Butter', 'Milk', 'Beer', 'Coke']"
224,"['Coke', 'Bread', 'Butter']"
225,"['Bread', 'Milk']"
226,"['Butter', 'Diapers']"
227,"['Bread', 'Butter', 'Juice', 'Eggs', 'Beer']"
228,"['Milk', 'Eggs', 'Coke']"
229,"['Coke', 'Milk']"
230,"['Diapers', 'Coke', 'Juice', 'Milk']"
231,"['Juice', 'Diapers', 'Coke', 'Eggs']"
232,"['Juice', 'Bread']"
233,"['Butter', 'Bread', 'Juice', 'Eggs', 'Diapers']"
234,"['Milk', 'Coke', 'Butter', 'Juice', 'Beer']"
235,"['Eggs', 'Milk', 'Juice', 'Bread', 'Diapers']"
236,"['Diapers', 'Milk']"
237,"['Milk', 'Diapers', 'Juice']"
238,"['Butter', 'Coke', 'Diapers', 'Bread']"
239,"['Coke', 'Butter']"
240,"['Bread', 'Milk']"
241,"['Milk', 'Butter', 'Juice']"
242,"['Butter', 'Juice', 'Eggs', 'Bread']"
243,"['Bread', 'Butter', 'Juice']"
244,"['Eggs', 'Butter']"
245,"['Milk', 'Eggs', 'Bread', 'Coke', 'Butter']"
246,"['Bread', 'Beer', 'Juice', 'Butter']"
247,"['Butter', 'Bread']"
248,"['Eggs', 'Bread']"
249,"['Milk', 'Coke']"
250,"['Bread', 'Milk', 'Beer', 'Juice']"
251,"['Milk', 'Diapers', 'Butter']"
252,"['Beer', 'Juice', 'Butter', 'Bread', 'Eggs']"
253,"['Beer', 'Butter', 'Juice', 'Bread']"
254,"['Butter', 'Diapers']"
255,"['Diapers', 'Coke', 'Juice', 'Milk', 'Beer']"
256,"['Coke', 'Milk', 'Beer', 'Eggs', 'Butter']"
257,"['Beer', 'Juice', 'Butter', 'Diapers', 'Eggs']"
258,"['Butter', 'Beer', 'Coke', 'Eggs', 'Diapers']"
259,"['Coke', 'Diapers', 'Bread', 'Juice', 'Beer']"
260,"['Beer', 'Bread', 'Butter']"
261,"['Milk', 'Bread']"
262,"['Coke', 'Bread', 'Beer']"
263,"['Eggs', 'Milk', 'Coke']"
264,"['Bread', 'Eggs', 'Juice', 'Milk']"
265,"['Diapers', 'Bread', 'Milk', 'Beer', 'Juice']"
266,"['Eggs', 'Juice', 'Bread', 'Butter']"
267,"['Eggs', 'Bread', 'Coke', 'Butter', 'Beer']"
268,"['Beer', 'Diapers', 'Eggs', 'Milk', 'Juice']"
269,"['Beer', 'Diapers', 'Milk', 'Bread', 'Juice']"
270,"['Juice', 'Butter']"
271,"['Diapers', 'Butter', 'Beer', 'Bread', 'Juice']"
272,"['Diapers', 'Beer', 'Bread', 'Milk', 'Coke']"
273,"['Butter', 'Milk', 'Juice', 'Eggs']"
274,"['Milk', 'Butter', 'Diapers']"
275,"['Bread', 'Eggs', 'Butter', 'Coke', 'Juice']"
276,"['Coke', 'Milk', 'Bread', 'Diapers', 'Juice']"
277,"['Milk', 'Beer', 'Juice', 'Butter', 'Coke']"
278,"['Beer', 'Diapers', 'Coke', 'Bread', 'Juice']"
279,"['Milk', 'Juice', 'Butter']"
280,"['Beer', 'Juice']"
281,"['Beer', 'Coke']"
282,"['Bread', 'Juice']"
283,"['Bread', 'Milk', 'Beer', 'Butter']"
284,"['Coke', 'Butter', 'Bread']"
285,"['Diapers', 'Coke', 'Eggs', 'Bread']"
286,"['Milk', 'Diapers']"
287,"['Butter', 'Bread', 'Eggs', 'Milk']"
288,"['Butter', 'Milk', 'Juice', 'Coke', 'Bread']"
289,"['Coke', 'Beer', 'Juice', 'Diapers']"
290,"['Beer', 'Bread', 'Butter']"
291,"['Juice', 'Butter', 'Eggs', 'Bread', 'Coke']"
292,"['Juice', 'Milk', 'Beer', 'Eggs', 'Bread']"
293,"['Butter', 'Bread', 'Coke']"
294,"['Beer', 'Coke', 'Milk', 'Juice', 'Eggs']"
295,"['Coke', 'Beer', 'Eggs', 'Diapers', 'Juice']"
296,"['Butter', 'Milk', 'Diapers', 'Eggs', 'Bread']"
297,"['Milk', 'Eggs']"
298,"['Beer', 'Bread']"
299,"['Butter', 'Diapers', 'Coke', 'Bread', 'Eggs']"
300,"['Juice', 'Butter', 'Diapers', 'Beer']"
301,"['Juice', 'Beer', 'Coke']"
302,"['Butter', 'Diapers']"
303,"['Coke', 'Butter']"
304,"['Milk', 'Bread', 'Juice', 'Coke', 'Diapers']"
305,"['Eggs', 'Milk', 'Beer']"
306,"['Milk', 'Eggs']"
307,"['Butter', 'Milk', 'Bread']"
308,"['Eggs', 'Beer']"
309,"['Beer', 'Coke']"
310,"['Juice', 'Beer', 'Bread', 'Butter']"
311,"['Eggs', 'Juice', 'Milk', 'Bread']"
312,"['Eggs', 'Butter']"
313,"['Diapers', 'Milk', 'Bread']"
314,"['Juice', 'Bread', 'Beer', 'Butter', 'Coke']"
315,"['Milk', 'Coke', 'Eggs', 'Bread', 'Diapers']"
316,"['Coke', 'Eggs', 'Beer']"
317,"['Butter', 'Diapers']"
318,"['Coke', 'Milk', 'Juice', 'Beer', 'Butter']"
319,"['Beer', 'Juice']"
320,"['Bread', 'Juice', 'Milk']"
321,"['Coke', 'Beer', 'Milk', 'Diapers', 'Butter']"
322,"['Eggs', 'Butter', 'Bread']"
323,"['Butter', 'Beer', 'Milk', 'Coke']"
324,"['Diapers', 'Coke', 'Juice', 'Butter', 'Beer']"
325,"['Diapers', 'Eggs', 'Beer', 'Milk']"
326,"['Juice', 'Coke', 'Bread', 'Butter', 'Diapers']"
327,"['Coke', 'Juice', 'Bread', 'Eggs']"
328,"['Butter', 'Bread', 'Beer', 'Coke']"
329,"['Beer', 'Eggs', 'Milk', 'Bread']"
330,"['Bread', 'Eggs', 'Diapers']"
331,"['Bread', 'Beer', 'Butter']"
332,"['Coke', 'Juice', 'Eggs', 'Milk']"
333,"['Milk', 'Eggs', 'Beer', 'Diapers']"
334,"['Juice', 'Milk', 'Bread']"
335,"['Beer', 'Juice', 'Bread']"
336,"['Diapers', 'Juice', 'Beer']"
337,"['Beer', 'Bread', 'Juice']"
338,"['Bread', 'Beer', 'Coke', 'Eggs']"
339,"['Butter', 'Bread', 'Milk', 'Diapers', 'Coke']"
340,"['Eggs', 'Beer']"
341,"['Beer', 'Bread', 'Coke', 'Diapers']"
342,"['Butter', 'Eggs', 'Diapers', 'Coke', 'Beer']"
343,"['Eggs', 'Butter', 'Bread', 'Diapers', 'Milk']"
344,"['Coke', 'Diapers', 'Milk', 'Juice']"
345,"['Bread', 'Eggs', 'Coke', 'Milk', 'Juice']"
346,"['Eggs', 'Juice']"
347,"['Coke', 'Juice', 'Butter', 'Bread', 'Eggs']"
348,"['Eggs', 'Juice']"
349,"['Bread', 'Coke', 'Eggs']"
350,"['Beer', 'Bread', 'Butter', 'Milk', 'Coke']"
351,"['Diapers', 'Coke', 'Eggs', 'Beer', 'Milk']"
352,"['Diapers', 'Butter', 'Juice']"
353,"['Beer', 'Coke', 'Eggs', 'Milk']"
354,"['Beer', 'Bread']"
355,"['Butter', 'Diapers', 'Eggs', 'Bread', 'Juice']"
356,"['Eggs', 'Beer', 'Juice', 'Bread', 'Milk']"
357,"['Beer', 'Juice']"
358,"['Bread', 'Butter']"
359,"['Eggs', 'Bread', 'Butter', 'Diapers']"
360,"['Diapers', 'Bread', 'Juice', 'Milk']"
361,"['Butter', 'Bread', 'Milk', 'Diapers', 'Eggs']"
362,"['Juice', 'Butter']"
363,"['Juice', 'Diapers', 'Bread']"
364,"['Beer', 'Butter', 'Coke']"
365,"['Butter', 'Beer', 'Bread', 'Coke']"
366,"['Diapers', 'Butter', 'Eggs', 'Juice']"
367,"['Diapers', 'Milk', 'Coke', 'Juice']"
368,"['Beer', 'Milk']"
369,"['Coke', 'Juice', 'Diapers']"
370,"['Diapers', 'Eggs', 'Bread', 'Coke', 'Beer']"
371,"['Butter', 'Diapers']"
372,"['Juice', 'Coke', 'Milk', 'Eggs']"
373,"['Beer', 'Milk', 'Butter']"
374,"['Beer', 'Eggs', 'Bread', 'Juice', 'Butter']"
375,"['Beer', 'Bread']"
376,"['Bread', 'Butter', 'Milk', 'Eggs', 'Coke']"
377,"['Milk', 'Coke', 'Eggs', 'Juice']"
378,"['Beer', 'Bread', 'Diapers', 'Milk']"
379,"['Juice', 'Butter', 'Milk', 'Coke', 'Eggs']"
380,"['Diapers', 'Juice', 'Butter', 'Eggs', 'Coke']"
381,"['Juice', 'Milk', 'Coke', 'Eggs']"
382,"['Diapers', 'Milk', 'Eggs', 'Beer', 'Coke']"
383,"['Diapers', 'Butter', 'Milk', 'Coke']"
384,"['Coke', 'Eggs', 'Milk']"
385,"['Coke', 'Bread']"
386,"['Bread', 'Butter', 'Coke', 'Milk', 'Juice']"
387,"['Bread', 'Milk', 'Diapers']"
388,"['Eggs', 'Coke', 'Diapers']"
389,"['Bread', 'Milk', 'Eggs', 'Coke']"
390,"['Diapers', 'Milk', 'Bread', 'Eggs', 'Juice']"
391,"['Eggs', 'Coke', 'Bread', 'Diapers', 'Juice']"
392,"['Diapers', 'Coke', 'Juice']"
393,"['Eggs', 'Coke', 'Butter', 'Bread', 'Diapers']"
394,"['Diapers', 'Coke', 'Milk', 'Eggs', 'Juice']"
395,"['Bread', 'Diapers', 'Milk', 'Coke', 'Butter']"
396,"['Butter', 'Coke', 'Beer', 'Juice', 'Bread']"
397,"['Juice', 'Milk', 'Coke', 'Beer']"
398,"['Coke', 'Beer', 'Juice', 'Milk']"
399,"['Diapers', 'Beer', 'Bread', 'Eggs']"
400,"['Juice', 'Milk', 'Coke', 'Diapers']"
401,"['Bread', 'Milk', 'Eggs', 'Juice']"
402,"['Butter', 'Bread', 'Juice', 'Coke', 'Eggs']"
403,"['Bread', 'Diapers', 'Milk', 'Beer', 'Juice']"
404,"['Diapers', 'Milk', 'Butter', 'Juice']"
405,"['Butter', 'Milk', 'Coke']"
406,"['Coke', 'Diapers', 'Bread', 'Beer', 'Juice']"
407,"['Bread', 'Beer', 'Diapers']"
408,"['Bread', 'Butter']"
409,"['Beer', 'Coke']"
410,"['Milk', 'Bread', 'Juice', 'Beer', 'Butter']"
411,"['Eggs', 'Diapers', 'Butter', 'Milk', 'Coke']"
412,"['Eggs', 'Butter', 'Diapers']"
413,"['Eggs', 'Milk', 'Butter']"
414,"['Diapers', 'Beer', 'Milk', 'Bread', 'Butter']"
415,"['Diapers', 'Butter']"
416,"['Eggs', 'Diapers']"
417,"['Milk', 'Butter']"
418,"['Milk', 'Butter', 'Beer', 'Diapers', 'Coke']"
419,"['Bread', 'Beer']"
420,"['Butter', 'Milk', 'Coke', 'Beer', 'Juice']"
421,"['Coke', 'Bread', 'Beer', 'Butter']"
422,"['Beer', 'Diapers']"
423,"['Butter', 'Bread']"
424,"['Diapers', 'Bread', 'Beer', 'Coke']"
425,"['Eggs', 'Coke', 'Beer', 'Milk', 'Butter']"
426,"['Eggs', 'Coke', 'Bread']"
427,"['Eggs', 'Bread', 'Juice']"
428,"['Bread', 'Eggs', 'Diapers', 'Milk']"
429,"['Beer', 'Bread', 'Eggs', 'Coke', 'Juice']"
430,"['Juice', 'Bread']"
431,"['Juice', 'Bread']"
432,"['Bread', 'Beer', 'Coke']"
433,"['Milk', 'Eggs']"
434,"['Bread', 'Coke']"
435,"['Eggs', 'Juice']"
436,"['Milk', 'Butter', 'Bread']"
437,"['Bread', 'Eggs']"
438,"['Coke', 'Milk']"
439,"['Butter', 'Diapers', 'Milk']"
440,"['Diapers', 'Eggs', 'Juice']"
441,"['Coke', 'Juice', 'Bread', 'Milk', 'Butter']"
442,"['Bread', 'Coke', 'Butter']"
443,"['Beer', 'Eggs', 'Milk', 'Coke', 'Butter']"
444,"['Butter', 'Diapers', 'Beer', 'Juice']"
445,"['Diapers', 'Coke', 'Bread', 'Butter', 'Eggs']"
446,"['Bread', 'Beer', 'Coke', 'Juice', 'Butter']"
447,"['Bread', 'Beer', 'Eggs', 'Diapers', 'Juice']"
448,"['Bread', 'Milk']"
449,"['Juice', 'Eggs']"
450,"['Beer', 'Butter', 'Milk', 'Eggs']"
451,"['Coke', 'Milk']"
452,"['Juice', 'Eggs']"
453,"['Coke', 'Bread', 'Diapers']"
454,"['Bread', 'Eggs', 'Milk', 'Beer', 'Butter']"
455,"['Bread', 'Beer', 'Butter', 'Milk']"
456,"['Butter', 'Diapers']"
457,"['Coke', 'Beer', 'Diapers', 'Bread', 'Juice']"
458,"['Butter', 'Diapers', 'Milk']"
459,"['Milk', 'Butter', 'Diapers']"
460,"['Bread', 'Juice']"
461,"['Diapers', 'Coke', 'Eggs', 'Bread', 'Beer']"
462,"['Coke', 'Bread', 'Beer', 'Butter', 'Juice']"
463,"['Eggs', 'Coke', 'Bread']"
464,"['Milk', 'Butter', 'Diapers', 'Beer']"
465,"['Diapers', 'Eggs', 'Milk', 'Bread', 'Coke']"
466,"['Milk', 'Butter', 'Diapers', 'Eggs']"
467,"['Bread', 'Diapers', 'Juice', 'Beer', 'Butter']"
468,"['Diapers', 'Butter', 'Milk', 'Coke', 'Beer']"
469,"['Coke', 'Milk', 'Butter']"
470,"['Milk', 'Beer']"
471,"['Bread', 'Eggs']"
472,"['Juice', 'Coke', 'Beer']"
473,"['Coke', 'Bread', 'Eggs', 'Diapers', 'Butter']"
474,"['Eggs', 'Diapers', 'Coke', 'Beer']"
475,"['Milk', 'Eggs']"
476,"['Diapers', 'Beer']"
477,"['Diapers', 'Juice', 'Eggs', 'Bread']"
478,"['Butter', 'Juice', 'Eggs']"
479,"['Eggs', 'Milk', 'Bread', 'Diapers']"
480,"['Coke', 'Butter', 'Eggs', 'Milk']"
481,"['Butter', 'Eggs', 'Beer', 'Milk']"
482,"['Beer', 'Coke']"
483,"['Juice', 'Diapers', 'Eggs', 'Milk', 'Beer']"
484,"['Juice', 'Eggs', 'Milk', 'Bread', 'Diapers']"
485,"['Beer', 'Eggs', 'Coke', 'Milk', 'Juice']"
486,"['Coke', 'Milk']"
487,"['Eggs', 'Butter', 'Bread']"
488,"['Diapers', 'Coke']"
489,"['Butter', 'Milk', 'Bread', 'Beer']"
490,"['Juice', 'Bread', 'Butter', 'Eggs']"
491,"['Bread', 'Coke', 'Butter']"
492,"['Beer', 'Juice', 'Bread']"
493,"['Coke', 'Diapers', 'Eggs']"
494,"['Juice', 'Beer', 'Bread', 'Diapers']"
495,"['Bread', 'Eggs']"
496,"['Bread', 'Beer', 'Eggs']"
497,"['Beer', 'Coke', 'Diapers', 'Eggs']"
498,"['Diapers', 'Juice', 'Butter', 'Bread']"
499,"['Bread', 'Butter']"
500,"['Bread', 'Eggs']"
501,"['Beer', 'Butter', 'Milk', 'Juice']"
502,"['Juice', 'Coke', 'Beer', 'Milk']"
503,"['Juice', 'Milk']"
504,"['Diapers', 'Bread']"
505,"['Bread', 'Milk', 'Diapers']"
506,"['Juice', 'Beer', 'Bread']"
507,"['Diapers', 'Coke', 'Eggs']"
508,"['Butter', 'Eggs', 'Juice', 'Beer']"
509,"['Eggs', 'Coke', 'Juice', 'Bread']"
510,"['Juice', 'Coke']"
511,"['Juice', 'Diapers', 'Bread', 'Coke', 'Beer']"
512,"['Butter', 'Eggs', 'Bread', 'Juice']"
513,"['Juice', 'Bread', 'Milk', 'Diapers']"
514,"['Beer', 'Butter', 'Juice']"
515,"['Butter', 'Diapers']"
516,"['Coke', 'Eggs']"
517,"['Diapers', 'Eggs', 'Milk', 'Beer', 'Bread']"
518,"['Beer', 'Milk', 'Coke', 'Butter', 'Eggs']"
519,"['Juice', 'Bread', 'Milk', 'Butter']"
520,"['Milk', 'Eggs', 'Bread', 'Beer', 'Coke']"
521,"['Diapers', 'Beer']"
522,"['Coke', 'Bread', 'Beer', 'Diapers', 'Butter']"
523,"['Juice', 'Coke', 'Eggs']"
524,"['Bread', 'Beer']"
525,"['Juice', 'Butter', 'Coke', 'Beer', 'Milk']"
526,"['Bread', 'Beer']"
527,"['Coke', 'Butter', 'Eggs']"
528,"['Beer', 'Juice', 'Diapers']"
529,"['Eggs', 'Bread', 'Coke', 'Juice', 'Diapers']"
530,"['Beer', 'Diapers']"
531,"['Eggs', 'Beer']"
532,"['Butter', 'Eggs']"
533,"['Milk', 'Diapers', 'Eggs', 'Coke']"
534,"['Coke', 'Juice', 'Diapers']"
535,"['Eggs', 'Milk', 'Juice', 'Bread']"
536,"['Beer', 'Milk', 'Diapers', 'Bread']"
537,"['Diapers', 'Bread']"
538,"['Diapers', 'Coke', 'Butter', 'Bread', 'Juice']"
539,"['Milk', 'Juice', 'Coke']"
540,"['Eggs', 'Coke', 'Beer', 'Milk', 'Butter']"
541,"['Diapers', 'Beer', 'Milk']"
542,"['Diapers', 'Milk', 'Juice', 'Bread', 'Butter']"
543,"['Juice', 'Beer', 'Diapers', 'Milk']"
544,"['Butter', 'Diapers', 'Eggs']"
545,"['Bread', 'Eggs', 'Milk', 'Coke']"
546,"['Beer', 'Coke', 'Milk', 'Eggs', 'Bread']"
547,"['Eggs', 'Juice']"
548,"['Eggs', 'Butter', 'Juice', 'Milk', 'Bread']"
549,"['Butter', 'Bread', 'Diapers', 'Eggs']"
550,"['Coke', 'Diapers', 'Juice', 'Bread']"
551,"['Coke', 'Beer', 'Bread', 'Eggs']"
552,"['Bread', 'Milk']"
553,"['Milk', 'Butter']"
554,"['Beer', 'Diapers', 'Butter']"
555,"['Milk', 'Beer', 'Diapers']"
556,"['Eggs', 'Juice', 'Beer']"
557,"['Bread', 'Milk', 'Juice', 'Beer']"
558,"['Beer', 'Bread']"
559,"['Butter', 'Eggs', 'Diapers', 'Juice', 'Beer']"
560,"['Juice', 'Coke']"
561,"['Diapers', 'Juice', 'Bread', 'Butter', 'Eggs']"
562,"['Coke', 'Eggs', 'Diapers', 'Butter']"
563,"['Diapers', 'Butter']"
564,"['Diapers', 'Bread']"
565,"['Bread', 'Butter', 'Beer']"
566,"['Beer', 'Coke']"
567,"['Diapers', 'Coke', 'Milk', 'Bread']"
568,"['Coke', 'Eggs', 'Bread', 'Diapers']"
569,"['Beer', 'Coke', 'Milk', 'Butter', 'Diapers']"
570,"['Butter', 'Bread', 'Eggs', 'Beer', 'Milk']"
571,"['Bread', 'Butter', 'Milk']"
572,"['Milk', 'Juice', 'Diapers']"
573,"['Milk', 'Bread', 'Beer', 'Juice', 'Diapers']"
574,"['Milk', 'Beer', 'Diapers', 'Bread']"
575,"['Eggs', 'Beer']"
576,"['Butter', 'Beer']"
577,"['Coke', 'Eggs', 'Beer', 'Butter']"
578,"['Coke', 'Bread', 'Eggs', 'Milk', 'Juice']"
579,"['Diapers', 'Juice', 'Coke']"
580,"['Butter', 'Milk', 'Coke']"
581,"['Bread', 'Coke']"
582,"['Beer', 'Milk', 'Butter']"
583,"['Juice', 'Beer', 'Butter', 'Diapers', 'Eggs']"
584,"['Beer', 'Juice', 'Diapers', 'Butter']"
585,"['Butter', 'Bread', 'Juice', 'Diapers']"
586,"['Juice', 'Eggs', 'Milk']"
587,"['Butter', 'Beer', 'Milk', 'Bread']"
588,"['Eggs', 'Coke', 'Bread', 'Butter', 'Beer']"
589,"['Milk', 'Coke']"
590,"['Bread', 'Coke', 'Beer', 'Diapers', 'Butter']"
591,"['Diapers', 'Milk', 'Butter', 'Coke']"
592,"['Bread', 'Milk', 'Coke']"
593,"['Eggs', 'Diapers', 'Coke', 'Milk']"
594,"['Bread', 'Eggs', 'Diapers', 'Butter']"
595,"['Bread', 'Coke']"
596,"['Beer', 'Diapers', 'Butter']"
597,"['Coke', 'Beer', 'Milk', 'Diapers', 'Eggs']"
598,"['Juice', 'Coke']"
599,"['Diapers', 'Eggs', 'Milk', 'Juice']"
600,"['Beer', 'Diapers', 'Milk', 'Eggs', 'Bread']"
601,"['Coke', 'Milk', 'Eggs', 'Bread']"
602,"['Bread', 'Coke', 'Beer']"
603,"['Beer', 'Milk', 'Juice']"
604,"['Bread', 'Juice']"
605,"['Beer', 'Juice', 'Coke']"
606,"['Beer', 'Juice']"
607,"['Beer', 'Butter', 'Milk']"
608,"['Juice', 'Milk', 'Beer', 'Bread']"
609,"['Butter', 'Diapers', 'Coke', 'Milk', 'Beer']"
610,"['Milk', 'Beer']"
611,"['Coke', 'Eggs', 'Butter', 'Diapers', 'Milk']"
612,"['Bread', 'Milk', 'Diapers']"
613,"['Diapers', 'Bread', 'Eggs', 'Beer']"
614,"['Eggs', 'Butter']"
615,"['Eggs', 'Butter', 'Bread', 'Juice', 'Milk']"
616,"['Milk', 'Diapers']"
617,"['Milk', 'Coke', 'Eggs']"
618,"['Juice', 'Eggs', 'Bread', 'Milk', 'Butter']"
619,"['Eggs', 'Milk', 'Coke', 'Bread', 'Beer']"
620,"['Butter', 'Bread', 'Juice', 'Coke', 'Eggs']"
621,"['Beer', 'Milk', 'Juice']"
622,"['Milk', 'Butter', 'Coke', 'Diapers', 'Bread']"
623,"['Bread', 'Coke', 'Butter', 'Beer']"
624,"['Butter', 'Coke', 'Eggs', 'Diapers']"
625,"['Eggs', 'Juice', 'Coke']"
626,"['Butter', 'Bread', 'Eggs']"
627,"['Eggs', 'Coke', 'Diapers', 'Milk', 'Juice']"
628,"['Bread', 'Beer', 'Milk', 'Coke', 'Juice']"
629,"['Eggs', 'Beer', 'Juice', 'Milk', 'Butter']"
630,"['Diapers', 'Eggs']"
631,"['Milk', 'Coke']"
632,"['Coke', 'Juice']"
633,"['Milk', 'Juice', 'Coke', 'Diapers', 'Bread']"
634,"['Beer', 'Butter']"
635,"['Juice', 'Beer', 'Eggs', 'Milk']"
636,"['Bread', 'Juice']"
637,"['Milk', 'Juice', 'Coke', 'Butter']"
638,"['Coke', 'Butter', 'Diapers', 'Milk', 'Eggs']"
639,"['Juice', 'Butter', 'Bread']"
640,"['Diapers', 'Milk', 'Coke']"
641,"['Butter', 'Bread']"
642,"['Diapers', 'Beer', 'Butter', 'Coke']"
643,"['Coke', 'Diapers', 'Butter', 'Milk', 'Juice']"
644,"['Bread', 'Eggs', 'Juice']"
645,"['Eggs', 'Butter', 'Milk', 'Juice', 'Coke']"
646,"['Coke', 'Bread', 'Beer', 'Butter', 'Diapers']"
647,"['Butter', 'Eggs', 'Bread', 'Beer', 'Juice']"
648,"['Beer', 'Bread']"
649,"['Bread', 'Diapers', 'Milk']"
650,"['Milk', 'Juice', 'Butter', 'Diapers', 'Eggs']"
651,"['Diapers', 'Coke', 'Butter']"
652,"['Bread', 'Diapers', 'Coke', 'Beer', 'Eggs']"
653,"['Beer', 'Juice', 'Milk', 'Eggs']"
654,"['Coke', 'Milk', 'Butter', 'Beer']"
655,"['Coke', 'Beer', 'Butter', 'Milk']"
656,"['Coke', 'Eggs', 'Butter']"
657,"['Milk', 'Eggs', 'Beer']"
658,"['Eggs', 'Butter']"
659,"['Eggs', 'Bread', 'Beer']"
660,"['Juice', 'Beer']"
661,"['Juice', 'Beer', 'Eggs']"
662,"['Beer', 'Coke']"
663,"['Milk', 'Juice']"
664,"['Butter', 'Eggs', 'Beer', 'Bread', 'Milk']"
665,"['Juice', 'Coke', 'Eggs']"
666,"['Butter', 'Coke', 'Bread']"
667,"['Beer', 'Milk', 'Coke', 'Butter']"
668,"['Diapers', 'Butter']"
669,"['Beer', 'Eggs', 'Milk', 'Bread', 'Butter']"
670,"['Juice', 'Diapers', 'Milk', 'Beer']"
671,"['Eggs', 'Bread']"
672,"['Eggs', 'Diapers']"
673,"['Beer', 'Eggs']"
674,"['Eggs', 'Beer', 'Butter', 'Milk']"
675,"['Butter', 'Milk', 'Eggs', 'Bread']"
676,"['Milk', 'Eggs', 'Diapers', 'Butter']"
677,"['Bread', 'Juice']"
678,"['Beer', 'Diapers']"
679,"['Diapers', 'Coke', 'Bread']"
680,"['Coke', 'Diapers']"
681,"['Bread', 'Diapers', 'Milk']"
682,"['Coke', 'Milk', 'Eggs', 'Bread']"
683,"['Juice', 'Butter', 'Diapers', 'Eggs']"
684,"['Butter', 'Eggs', 'Beer', 'Milk']"
685,"['Bread', 'Milk', 'Eggs']"
686,"['Coke', 'Bread', 'Beer', 'Diapers', 'Eggs']"
687,"['Bread', 'Coke', 'Butter']"
688,"['Juice', 'Coke', 'Eggs']"
689,"['Milk', 'Bread', 'Butter']"
690,"['Butter', 'Coke', 'Milk', 'Bread', 'Beer']"
691,"['Diapers', 'Bread', 'Beer', 'Coke']"
692,"['Eggs', 'Beer', 'Juice', 'Milk', 'Bread']"
693,"['Diapers', 'Butter', 'Milk', 'Beer']"
694,"['Juice', 'Beer']"
695,"['Diapers', 'Butter']"
696,"['Beer', 'Butter', 'Milk']"
697,"['Juice', 'Milk', 'Beer']"
698,"['Bread', 'Eggs']"
699,"['Beer', 'Coke', 'Bread', 'Diapers', 'Milk']"
700,"['Diapers', 'Coke', 'Milk', 'Eggs']"
701,"['Beer', 'Diapers', 'Butter', 'Juice', 'Bread']"
702,"['Juice', 'Diapers']"
703,"['Butter', 'Beer', 'Bread', 'Diapers', 'Milk']"
704,"['Butter', 'Eggs', 'Diapers', 'Beer', 'Bread']"
705,"['Beer', 'Diapers', 'Butter']"
706,"['Coke', 'Diapers', 'Milk', 'Beer', 'Eggs']"
707,"['Butter', 'Juice', 'Eggs']"
708,"['Diapers', 'Beer', 'Bread']"
709,"['Coke', 'Beer']"
710,"['Beer', 'Coke', 'Butter', 'Milk']"
711,"['Milk', 'Juice', 'Diapers']"
712,"['Butter', 'Bread', 'Milk', 'Beer']"
713,"['Butter', 'Bread', 'Eggs', 'Diapers']"
714,"['Eggs', 'Juice']"
715,"['Coke', 'Butter', 'Milk', 'Diapers']"
716,"['Beer', 'Bread']"
717,"['Eggs', 'Bread']"
718,"['Juice', 'Butter', 'Beer', 'Milk']"
719,"['Milk', 'Diapers', 'Eggs']"
720,"['Bread', 'Beer']"
721,"['Bread', 'Milk', 'Beer', 'Juice']"
722,"['Coke', 'Beer', 'Butter', 'Juice', 'Eggs']"
723,"['Butter', 'Juice', 'Coke', 'Milk']"
724,"['Beer', 'Juice', 'Eggs']"
725,"['Bread', 'Coke', 'Diapers', 'Juice', 'Eggs']"
726,"['Milk', 'Eggs']"
727,"['Coke', 'Bread', 'Diapers', 'Butter', 'Beer']"
728,"['Eggs', 'Milk']"
729,"['Bread', 'Juice', 'Beer']"
730,"['Milk', 'Juice', 'Butter', 'Diapers', 'Eggs']"
731,"['Diapers', 'Coke', 'Beer', 'Milk']"
732,"['Diapers', 'Coke', 'Beer', 'Eggs']"
733,"['Butter', 'Bread', 'Beer']"
734,"['Butter', 'Eggs', 'Diapers', 'Juice', 'Coke']"
735,"['Butter', 'Coke']"
736,"['Butter', 'Diapers', 'Beer', 'Eggs']"
737,"['Eggs', 'Beer', 'Butter']"
738,"['Coke', 'Juice', 'Bread']"
739,"['Diapers', 'Beer', 'Butter']"
740,"['Milk', 'Butter']"
741,"['Milk', 'Butter']"
742,"['Butter', 'Bread', 'Milk']"
743,"['Eggs', 'Milk']"
744,"['Eggs', 'Bread', 'Milk', 'Diapers', 'Juice']"
745,"['Bread', 'Butter', 'Milk', 'Beer']"
746,"['Butter', 'Bread', 'Coke', 'Milk']"
747,"['Milk', 'Coke', 'Juice', 'Butter']"
748,"['Bread', 'Diapers', 'Coke', 'Beer', 'Milk']"
749,"['Bread', 'Milk']"
750,"['Butter', 'Juice']"
751,"['Eggs', 'Bread', 'Butter', 'Beer']"
752,"['Diapers', 'Beer', 'Bread', 'Milk']"
753,"['Coke', 'Bread', 'Beer', 'Milk', 'Juice']"
754,"['Diapers', 'Butter']"
755,"['Bread', 'Eggs']"
756,"['Bread', 'Butter', 'Milk', 'Eggs']"
757,"['Bread', 'Diapers', 'Beer', 'Milk', 'Coke']"
758,"['Bread', 'Coke']"
759,"['Milk', 'Juice']"
760,"['Eggs', 'Coke', 'Milk', 'Diapers', 'Beer']"
761,"['Bread', 'Milk', 'Beer', 'Eggs', 'Diapers']"
762,"['Milk', 'Diapers', 'Eggs']"
763,"['Juice', 'Beer', 'Milk', 'Bread']"
764,"['Juice', 'Beer', 'Eggs', 'Bread', 'Diapers']"
765,"['Eggs', 'Juice', 'Bread', 'Milk']"
766,"['Eggs', 'Juice', 'Bread']"
767,"['Diapers', 'Butter', 'Bread', 'Eggs', 'Coke']"
768,"['Bread', 'Beer']"
769,"['Juice', 'Eggs', 'Beer']"
770,"['Coke', 'Juice', 'Beer']"
771,"['Coke', 'Beer', 'Juice', 'Bread']"
772,"['Coke', 'Bread', 'Butter', 'Milk', 'Beer']"
773,"['Beer', 'Juice', 'Diapers', 'Coke', 'Bread']"
774,"['Beer', 'Coke', 'Butter', 'Juice', 'Milk']"
775,"['Diapers', 'Butter']"
776,"['Coke', 'Juice', 'Milk', 'Diapers', 'Butter']"
777,"['Juice', 'Eggs', 'Butter', 'Milk', 'Coke']"
778,"['Beer', 'Butter', 'Juice']"
779,"['Juice', 'Milk', 'Coke', 'Eggs', 'Bread']"
780,"['Butter', 'Beer', 'Coke', 'Diapers']"
781,"['Bread', 'Eggs', 'Beer', 'Milk']"
782,"['Juice', 'Butter', 'Beer', 'Coke', 'Diapers']"
783,"['Butter', 'Milk', 'Beer', 'Juice']"
784,"['Eggs', 'Diapers', 'Butter', 'Juice']"
785,"['Beer', 'Coke']"
786,"['Butter', 'Diapers', 'Juice']"
787,"['Coke', 'Diapers', 'Beer', 'Bread', 'Milk']"
788,"['Coke', 'Diapers', 'Bread', 'Eggs']"
789,"['Juice', 'Milk', 'Coke', 'Butter']"
790,"['Coke', 'Juice', 'Butter']"
791,"['Eggs', 'Beer', 'Milk']"
792,"['Milk', 'Beer']"
793,"['Juice', 'Bread']"
794,"['Eggs', 'Coke', 'Bread', 'Beer']"
795,"['Diapers', 'Eggs', 'Butter']"
796,"['Juice', 'Milk', 'Diapers', 'Eggs']"
797,"['Coke', 'Milk', 'Bread']"
798,"['Eggs', 'Milk']"
799,"['Eggs', 'Bread', 'Milk', 'Diapers']"
800,"['Diapers', 'Butter', 'Coke']"
801,"['Eggs', 'Coke']"
802,"['Butter', 'Eggs', 'Beer', 'Coke', 'Diapers']"
803,"['Bread', 'Beer', 'Butter']"
804,"['Eggs', 'Juice', 'Diapers']"
805,"['Juice', 'Milk', 'Beer', 'Coke']"
806,"['Coke', 'Bread', 'Eggs', 'Beer', 'Diapers']"
807,"['Juice', 'Eggs', 'Beer']"
808,"['Bread', 'Butter', 'Diapers', 'Milk', 'Beer']"
809,"['Diapers', 'Milk', 'Butter', 'Beer', 'Juice']"
810,"['Eggs', 'Milk', 'Butter']"
811,"['Milk', 'Eggs', 'Diapers', 'Bread']"
812,"['Bread', 'Juice', 'Coke']"
813,"['Milk', 'Beer', 'Juice']"
814,"['Eggs', 'Bread', 'Beer', 'Juice', 'Coke']"
815,"['Diapers', 'Coke']"
816,"['Milk', 'Butter', 'Coke', 'Bread']"
817,"['Eggs', 'Milk', 'Coke', 'Bread', 'Beer']"
818,"['Butter', 'Coke', 'Diapers']"
819,"['Diapers', 'Milk', 'Bread', 'Beer']"
820,"['Juice', 'Diapers', 'Butter', 'Eggs']"
821,"['Milk', 'Eggs', 'Coke', 'Juice']"
822,"['Juice', 'Beer', 'Coke', 'Milk']"
823,"['Eggs', 'Butter']"
824,"['Butter', 'Bread', 'Coke', 'Milk', 'Diapers']"
825,"['Beer', 'Coke']"
826,"['Juice', 'Milk', 'Coke']"
827,"['Eggs', 'Beer']"
828,"['Bread', 'Eggs']"
829,"['Coke', 'Juice']"
830,"['Beer', 'Bread', 'Diapers', 'Eggs']"
831,"['Eggs', 'Butter', 'Juice', 'Beer']"
832,"['Juice', 'Coke']"
833,"['Beer', 'Butter', 'Coke', 'Diapers']"
834,"['Bread', 'Coke', 'Eggs', 'Butter', 'Juice']"
835,"['Juice', 'Beer']"
836,"['Butter', 'Beer']"
837,"['Eggs', 'Coke', 'Butter']"
838,"['Bread', 'Coke', 'Diapers', 'Butter']"
839,"['Butter', 'Juice']"
840,"['Eggs', 'Coke', 'Butter', 'Beer', 'Bread']"
841,"['Butter', 'Milk', 'Diapers', 'Bread', 'Eggs']"
842,"['Beer', 'Eggs']"
843,"['Diapers', 'Coke']"
844,"['Milk', 'Diapers', 'Beer']"
845,"['Milk', 'Bread', 'Juice', 'Diapers', 'Coke']"
846,"['Bread', 'Beer', 'Butter', 'Juice']"
847,"['Beer', 'Coke', 'Bread', 'Juice']"
848,"['Juice', 'Beer']"
849,"['Eggs', 'Juice', 'Beer', 'Coke', 'Milk']"
850,"['Beer', 'Juice', 'Eggs', 'Milk']"
851,"['Diapers', 'Bread', 'Juice']"
852,"['Beer', 'Milk', 'Eggs', 'Diapers', 'Coke']"
853,"['Coke', 'Juice', 'Milk']"
854,"['Beer', 'Milk', 'Bread', 'Diapers', 'Juice']"
855,"['Eggs', 'Diapers', 'Bread', 'Butter']"
856,"['Bread', 'Milk', 'Coke', 'Diapers']"
857,"['Beer', 'Bread']"
858,"['Coke', 'Eggs']"
859,"['Coke', 'Milk']"
860,"['Bread', 'Milk', 'Diapers', 'Butter', 'Juice']"
861,"['Milk', 'Butter', 'Coke', 'Beer', 'Eggs']"
862,"['Milk', 'Beer', 'Juice', 'Diapers']"
863,"['Juice', 'Diapers', 'Coke', 'Bread']"
864,"['Coke', 'Butter', 'Bread', 'Juice', 'Beer']"
865,"['Coke', 'Butter', 'Juice', 'Bread']"
866,"['Eggs', 'Butter', 'Diapers', 'Bread']"
867,"['Butter', 'Diapers', 'Juice', 'Coke']"
868,"['Butter', 'Coke', 'Bread']"
869,"['Diapers', 'Eggs']"
870,"['Milk', 'Eggs', 'Juice']"
871,"['Bread', 'Diapers', 'Butter']"
872,"['Butter', 'Diapers']"
873,"['Juice', 'Beer', 'Milk', 'Butter']"
874,"['Juice', 'Diapers', 'Beer', 'Butter']"
875,"['Eggs', 'Milk', 'Coke', 'Butter', 'Bread']"
876,"['Beer', 'Coke', 'Eggs', 'Butter', 'Juice']"
877,"['Beer', 'Butter', 'Milk', 'Diapers', 'Eggs']"
878,"['Juice', 'Diapers', 'Butter', 'Coke', 'Milk']"
879,"['Coke', 'Beer']"
880,"['Milk', 'Juice', 'Beer']"
881,"['Butter', 'Beer', 'Bread']"
882,"['Juice', 'Coke']"
883,"['Milk', 'Bread', 'Coke']"
884,"['Bread', 'Beer', 'Butter', 'Diapers', 'Coke']"
885,"['Juice', 'Beer', 'Bread', 'Butter']"
886,"['Juice', 'Bread']"
887,"['Diapers', 'Juice', 'Beer']"
888,"['Bread', 'Juice', 'Beer']"
889,"['Eggs', 'Beer']"
890,"['Bread', 'Diapers']"
891,"['Milk', 'Eggs']"
892,"['Eggs', 'Beer', 'Coke', 'Juice', 'Butter']"
893,"['Milk', 'Eggs', 'Bread', 'Butter']"
894,"['Milk', 'Beer']"
895,"['Butter', 'Bread']"
896,"['Juice', 'Milk', 'Diapers', 'Coke']"
897,"['Milk', 'Eggs']"
898,"['Juice', 'Coke', 'Eggs', 'Butter']"
899,"['Juice', 'Eggs']"
900,"['Coke', 'Milk', 'Diapers', 'Butter']"
901,"['Coke', 'Diapers', 'Butter', 'Juice']"
902,"['Eggs', 'Diapers', 'Milk', 'Beer']"
903,"['Milk', 'Coke']"
904,"['Butter', 'Bread', 'Coke']"
905,"['Beer', 'Eggs', 'Milk', 'Diapers']"
906,"['Coke', 'Beer', 'Bread', 'Juice']"
907,"['Beer', 'Eggs', 'Milk']"
908,"['Juice', 'Beer']"
909,"['Diapers', 'Coke']"
910,"['Butter', 'Coke']"
911,"['Butter', 'Bread', 'Eggs']"
912,"['Juice', 'Diapers', 'Coke', 'Milk', 'Beer']"
913,"['Eggs', 'Butter']"
914,"['Butter', 'Diapers', 'Eggs', 'Coke', 'Milk']"
915,"['Eggs', 'Milk']"
916,"['Bread', 'Coke', 'Eggs', 'Juice', 'Diapers']"
917,"['Eggs', 'Butter', 'Juice']"
918,"['Eggs', 'Diapers']"
919,"['Bread', 'Beer']"
920,"['Beer', 'Eggs', 'Juice', 'Diapers']"
921,"['Butter', 'Milk', 'Coke', 'Bread']"
922,"['Beer', 'Butter']"
923,"['Juice', 'Beer', 'Coke', 'Bread', 'Butter']"
924,"['Coke', 'Eggs', 'Butter', 'Diapers']"
925,"['Milk', 'Coke', 'Juice', 'Eggs', 'Butter']"
926,"['Butter', 'Eggs', 'Beer']"
927,"['Juice', 'Butter', 'Beer', 'Milk', 'Coke']"
928,"['Eggs', 'Butter']"
929,"['Milk', 'Coke', 'Bread', 'Beer', 'Diapers']"
930,"['Beer', 'Coke', 'Juice', 'Milk', 'Diapers']"
931,"['Milk', 'Beer']"
932,"['Bread', 'Juice', 'Milk']"
933,"['Milk', 'Bread']"
934,"['Juice', 'Diapers', 'Butter', 'Milk']"
935,"['Juice', 'Butter']"
936,"['Diapers', 'Milk', 'Coke', 'Juice']"
937,"['Milk', 'Beer', 'Juice']"
938,"['Diapers', 'Beer']"
939,"['Eggs', 'Butter', 'Beer', 'Juice']"
940,"['Juice', 'Beer']"
941,"['Eggs', 'Juice', 'Diapers', 'Butter', 'Beer']"
942,"['Butter', 'Eggs']"
943,"['Butter', 'Eggs', 'Milk', 'Coke', 'Juice']"
944,"['Butter', 'Diapers', 'Juice', 'Milk', 'Bread']"
945,"['Coke', 'Butter', 'Juice', 'Beer', 'Milk']"
946,"['Milk', 'Coke', 'Butter']"
947,"['Coke', 'Diapers', 'Juice']"
948,"['Butter', 'Diapers', 'Bread', 'Milk', 'Coke']"
949,"['Coke', 'Beer', 'Eggs', 'Juice', 'Diapers']"
950,"['Coke', 'Butter', 'Beer']"
951,"['Juice', 'Beer']"
952,"['Butter', 'Eggs']"
953,"['Eggs', 'Milk']"
954,"['Butter', 'Diapers', 'Milk']"
955,"['Coke', 'Eggs', 'Juice', 'Beer']"
956,"['Eggs', 'Juice']"
957,"['Beer', 'Diapers']"
958,"['Butter', 'Coke', 'Diapers', 'Eggs', 'Juice']"
959,"['Milk', 'Diapers', 'Bread']"
960,"['Eggs', 'Milk', 'Beer', 'Butter']"
961,"['Milk', 'Coke']"
962,"['Bread', 'Beer', 'Butter', 'Milk', 'Juice']"
963,"['Eggs', 'Coke']"
964,"['Eggs', 'Milk', 'Butter']"
965,"['Eggs', 'Bread', 'Butter', 'Coke']"
966,"['Bread', 'Butter', 'Milk']"
967,"['Eggs', 'Milk']"
968,"['Butter', 'Juice', 'Eggs', 'Milk']"
969,"['Butter', 'Bread', 'Beer', 'Eggs', 'Coke']"
970,"['Milk', 'Juice', 'Coke', 'Bread', 'Beer']"
971,"['Milk', 'Diapers']"
972,"['Butter', 'Bread', 'Coke']"
973,"['Diapers', 'Juice', 'Coke', 'Eggs']"
974,"['Milk', 'Beer', 'Juice', 'Butter']"
975,"['Beer', 'Butter', 'Coke', 'Eggs', 'Bread']"
976,"['Diapers', 'Milk']"
977,"['Juice', 'Butter']"
978,"['Butter', 'Beer']"
979,"['Eggs', 'Beer', 'Butter']"
980,"['Diapers', 'Juice', 'Beer', 'Milk', 'Coke']"
981,"['Bread', 'Coke', 'Beer', 'Juice']"
982,"['Diapers', 'Juice', 'Bread']"
983,"['Eggs', 'Coke', 'Beer', 'Butter', 'Juice']"
984,"['Beer', 'Milk', 'Bread', 'Butter']"
985,"['Eggs', 'Beer', 'Butter']"
986,"['Eggs', 'Milk', 'Beer', 'Butter', 'Bread']"
987,"['Bread', 'Eggs', 'Butter', 'Milk', 'Beer']"
988,"['Milk', 'Eggs', 'Diapers']"
989,"['Bread', 'Eggs', 'Beer', 'Milk', 'Butter']"
990,"['Coke', 'Eggs', 'Milk', 'Juice', 'Bread']"
991,"['Diapers', 'Coke', 'Eggs']"
992,"['Juice', 'Milk', 'Coke']"
993,"['Coke', 'Butter', 'Eggs', 'Bread', 'Beer']"
994,"['Coke', 'Diapers']"
995,"['Beer', 'Milk']"
996,"['Diapers', 'Bread']"
997,"['Juice', 'Coke', 'Butter']"
998,"['Milk', 'Butter', 'Bread', 'Juice']"
999,"['Juice', 'Milk']"
1000,"['Diapers', 'Eggs']"
1001,"['Diapers', 'Coke', 'Eggs', 'Bread']"
1002,"['Coke', 'Eggs', 'Butter', 'Milk', 'Bread']"
1003,"['Bread', 'Diapers', 'Coke', 'Milk']"
1004,"['Milk', 'Coke']"
1005,"['Coke', 'Eggs', 'Beer', 'Milk']"
1006,"['Juice', 'Beer', 'Milk', 'Butter']"
1007,"['Juice', 'Diapers', 'Milk', 'Coke']"
1008,"['Eggs', 'Butter', 'Bread', 'Coke', 'Milk']"
1009,"['Coke', 'Eggs', 'Bread', 'Butter', 'Diapers']"
1010,"['Eggs', 'Beer', 'Coke']"
1011,"['Bread', 'Diapers', 'Beer', 'Coke', 'Eggs']"
1012,"['Coke', 'Milk', 'Eggs', 'Bread', 'Butter']"
1013,"['Bread', 'Butter']"
1014,"['Milk', 'Eggs', 'Beer']"
1015,"['Beer', 'Milk', 'Eggs']"
1016,"['Milk', 'Coke']"
1017,"['Diapers', 'Beer', 'Bread']"
1018,"['Milk', 'Coke', 'Diapers', 'Eggs']"
1019,"['Coke', 'Beer', 'Butter', 'Bread']"
1020,"['Milk', 'Eggs', 'Butter']"
1021,"['Diapers', 'Beer', 'Bread', 'Butter']"
1022,"['Milk', 'Coke', 'Butter', 'Beer', 'Diapers']"
1023,"['Butter', 'Beer', 'Milk']"
1024,"['Bread', 'Coke', 'Beer', 'Juice']"
1025,"['Milk', 'Diapers', 'Butter', 'Coke']"
1026,"['Juice', 'Butter', 'Beer']"
1027,"['Beer', 'Milk', 'Diapers', 'Juice']"
1028,"['Butter', 'Coke', 'Eggs', 'Diapers', 'Bread']"
1029,"['Beer', 'Coke', 'Bread', 'Juice', 'Butter']"
1030,"['Bread', 'Milk', 'Coke', 'Eggs']"
1031,"['Juice', 'Bread', 'Coke', 'Eggs']"
1032,"['Juice', 'Milk']"
1033,"['Eggs', 'Diapers', 'Bread', 'Beer', 'Coke']"
1034,"['Milk', 'Coke']"
1035,"['Milk', 'Beer', 'Bread']"
1036,"['Bread', 'Butter', 'Coke', 'Eggs', 'Milk']"
1037,"['Juice', 'Butter', 'Coke', 'Diapers', 'Eggs']"
1038,"['Milk', 'Diapers', 'Eggs', 'Bread', 'Juice']"
1039,"['Milk', 'Juice', 'Butter', 'Eggs']"
1040,"['Diapers', 'Juice', 'Milk', 'Eggs']"
1041,"['Butter', 'Beer', 'Coke', 'Juice', 'Eggs']"
1042,"['Diapers', 'Eggs', 'Juice', 'Bread']"
1043,"['Milk', 'Butter', 'Beer', 'Diapers']"
1044,"['Bread', 'Butter']"
1045,"['Juice', 'Diapers', 'Coke', 'Butter', 'Beer']"
1046,"['Diapers', 'Milk', 'Bread']"
1047,"['Beer', 'Juice', 'Eggs']"
1048,"['Eggs', 'Coke', 'Butter', 'Milk']"
1049,"['Bread', 'Butter', 'Milk', 'Eggs']"
1050,"['Milk', 'Coke', 'Eggs']"
1051,"['Diapers', 'Milk', 'Bread', 'Coke']"
1052,"['Eggs', 'Coke', 'Beer', 'Diapers']"
1053,"['Beer', 'Juice']"
1054,"['Coke', 'Diapers', 'Juice', 'Beer']"
1055,"['Beer', 'Milk', 'Diapers', 'Butter']"
1056,"['Bread', 'Coke', 'Diapers']"
1057,"['Milk', 'Bread']"
1058,"['Butter', 'Juice', 'Coke']"
1059,"['Butter', 'Milk', 'Juice']"
1060,"['Beer', 'Diapers']"
1061,"['Milk', 'Diapers', 'Butter']"
1062,"['Coke', 'Bread', 'Milk']"
1063,"['Coke', 'Eggs']"
1064,"['Beer', 'Milk', 'Diapers', 'Juice']"
1065,"['Coke', 'Bread', 'Butter', 'Diapers']"
1066,"['Butter', 'Juice', 'Coke', 'Milk']"
1067,"['Diapers', 'Butter']"
1068,"['Juice', 'Milk', 'Butter', 'Bread', 'Coke']"
1069,"['Butter', 'Milk']"
1070,"['Bread', 'Diapers', 'Butter']"
1071,"['Diapers', 'Coke', 'Eggs', 'Milk', 'Butter']"
1072,"['Milk', 'Diapers', 'Butter', 'Bread', 'Eggs']"
1073,"['Beer', 'Coke', 'Diapers', 'Juice', 'Eggs']"
1074,"['Butter', 'Beer', 'Juice', 'Diapers']"
1075,"['Juice', 'Diapers']"
1076,"['Butter', 'Beer', 'Milk']"
1077,"['Bread', 'Coke', 'Butter', 'Beer']"
1078,"['Coke', 'Bread']"
1079,"['Coke', 'Juice', 'Milk', 'Bread']"
1080,"['Juice', 'Milk', 'Eggs', 'Beer', 'Diapers']"
1081,"['Beer', 'Diapers', 'Juice', 'Butter']"
1082,"['Coke', 'Bread', 'Milk']"
1083,"['Diapers', 'Eggs', 'Butter', 'Beer']"
1084,"['Eggs', 'Juice', 'Beer', 'Bread']"
1085,"['Butter', 'Eggs', 'Juice', 'Beer', 'Diapers']"
1086,"['Eggs', 'Bread', 'Butter', 'Coke', 'Milk']"
1087,"['Butter', 'Beer', 'Bread']"
1088,"['Bread', 'Juice']"
1089,"['Beer', 'Butter', 'Bread', 'Milk', 'Eggs']"
1090,"['Beer', 'Diapers', 'Butter', 'Juice', 'Coke']"
1091,"['Coke', 'Diapers', 'Butter', 'Milk']"
1092,"['Juice', 'Butter']"
1093,"['Juice', 'Beer', 'Diapers', 'Coke']"
1094,"['Diapers', 'Beer', 'Bread']"
1095,"['Bread', 'Coke', 'Milk', 'Butter', 'Juice']"
1096,"['Eggs', 'Coke', 'Diapers']"
1097,"['Butter', 'Beer']"
1098,"['Coke', 'Diapers']"
1099,"['Butter', 'Milk', 'Eggs']"
1100,"['Milk', 'Juice']"
1101,"['Butter', 'Milk', 'Diapers']"
1102,"['Eggs', 'Juice', 'Butter', 'Diapers', 'Beer']"
1103,"['Butter', 'Eggs']"
1104,"['Butter', 'Juice']"
1105,"['Juice', 'Milk', 'Coke', 'Butter']"
1106,"['Coke', 'Diapers']"
1107,"['Bread', 'Juice', 'Eggs', 'Coke', 'Diapers']"
1108,"['Coke', 'Juice']"
1109,"['Milk', 'Butter', 'Diapers', 'Coke']"
1110,"['Coke', 'Diapers', 'Beer']"
1111,"['Diapers', 'Milk', 'Bread', 'Coke']"
1112,"['Coke', 'Milk', 'Bread']"
1113,"['Coke', 'Beer', 'Eggs']"
1114,"['Butter', 'Milk', 'Coke']"
1115,"['Milk', 'Juice', 'Coke', 'Diapers']"
1116,"['Bread', 'Beer', 'Eggs']"
1117,"['Beer', 'Milk']"
1118,"['Eggs', 'Diapers', 'Milk']"
1119,"['Coke', 'Juice', 'Eggs', 'Diapers']"
1120,"['Butter', 'Diapers', 'Coke', 'Eggs', 'Bread']"
1121,"['Beer', 'Juice']"
1122,"['Diapers', 'Butter']"
1123,"['Coke', 'Butter', 'Diapers']"
1124,"['Eggs', 'Beer', 'Juice']"
1125,"['Milk', 'Beer']"
1126,"['Eggs', 'Juice', 'Diapers']"
1127,"['Diapers', 'Juice', 'Bread']"
1128,"['Diapers', 'Milk']"
1129,"['Beer', 'Juice', 'Diapers', 'Coke']"
1130,"['Bread', 'Juice', 'Eggs', 'Butter']"
1131,"['Bread', 'Eggs', 'Coke']"
1132,"['Butter', 'Coke', 'Juice']"
1133,"['Milk', 'Bread', 'Beer', 'Coke', 'Diapers']"
1134,"['Juice', 'Milk', 'Bread']"
1135,"['Eggs', 'Diapers', 'Beer', 'Coke']"
1136,"['Milk', 'Diapers', 'Eggs']"
1137,"['Coke', 'Eggs', 'Diapers', 'Bread', 'Butter']"
1138,"['Bread', 'Butter']"
1139,"['Bread', 'Juice', 'Milk']"
1140,"['Milk', 'Coke', 'Beer', 'Eggs']"
1141,"['Bread', 'Butter', 'Diapers']"
1142,"['Beer', 'Eggs']"
1143,"['Bread', 'Milk', 'Coke', 'Diapers']"
1144,"['Diapers', 'Eggs', 'Coke', 'Beer']"
1145,"['Coke', 'Butter']"
1146,"['Butter', 'Juice', 'Milk', 'Bread', 'Diapers']"
1147,"['Coke', 'Diapers']"
1148,"['Bread', 'Eggs']"
1149,"['Juice', 'Milk', 'Coke', 'Bread']"
1150,"['Beer', 'Bread']"
1151,"['Coke', 'Butter', 'Juice', 'Diapers']"
1152,"['Coke', 'Butter', 'Diapers', 'Eggs', 'Milk']"
1153,"['Juice', 'Eggs', 'Beer', 'Butter', 'Bread']"
1154,"['Eggs', 'Coke', 'Beer', 'Juice', 'Milk']"
1155,"['Beer', 'Diapers', 'Butter', 'Eggs', 'Juice']"
1156,"['Coke', 'Eggs', 'Milk']"
1157,"['Bread', 'Butter']"
1158,"['Coke', 'Diapers', 'Eggs', 'Beer']"
1159,"['Milk', 'Diapers', 'Eggs']"
1160,"['Butter', 'Juice']"
1161,"['Beer', 'Bread']"
1162,"['Beer', 'Butter', 'Juice', 'Coke', 'Eggs']"
1163,"['Diapers', 'Milk', 'Butter', 'Coke']"
1164,"['Eggs', 'Beer', 'Milk', 'Juice', 'Diapers']"
1165,"['Beer', 'Coke', 'Juice']"
1166,"['Butter', 'Eggs']"
1167,"['Butter', 'Diapers', 'Bread', 'Beer', 'Juice']"
1168,"['Diapers', 'Butter', 'Eggs']"
1169,"['Diapers', 'Juice', 'Milk']"
1170,"['Beer', 'Butter', 'Juice', 'Coke', 'Bread']"
1171,"['Coke', 'Eggs', 'Beer']"
1172,"['Coke', 'Beer']"
1173,"['Bread', 'Milk', 'Coke']"
1174,"['Bread', 'Juice', 'Beer', 'Eggs']"
1175,"['Milk', 'Diapers', 'Eggs', 'Butter']"
1176,"['Milk', 'Butter', 'Beer']"
1177,"['Beer', 'Milk', 'Coke', 'Diapers']"
1178,"['Milk', 'Diapers', 'Eggs', 'Coke', 'Bread']"
1179,"['Coke', 'Beer', 'Diapers']"
1180,"['Bread', 'Milk', 'Eggs', 'Coke', 'Juice']"
1181,"['Eggs', 'Milk']"
1182,"['Bread', 'Eggs']"
1183,"['Eggs', 'Juice']"
1184,"['Beer', 'Eggs', 'Juice', 'Diapers', 'Coke']"
1185,"['Eggs', 'Bread', 'Butter']"
1186,"['Beer', 'Butter', 'Bread', 'Coke', 'Milk']"
1187,"['Coke', 'Beer', 'Milk', 'Diapers']"
1188,"['Diapers', 'Juice', 'Beer', 'Coke', 'Milk']"
1189,"['Milk', 'Coke', 'Eggs', 'Butter', 'Bread']"
1190,"['Milk', 'Coke', 'Eggs', 'Butter']"
1191,"['Juice', 'Coke', 'Butter']"
1192,"['Butter', 'Beer']"
1193,"['Beer', 'Milk', 'Bread', 'Butter']"
1194,"['Beer', 'Butter', 'Milk']"
1195,"['Milk', 'Bread', 'Coke']"
1196,"['Bread', 'Milk', 'Beer']"
1197,"['Milk', 'Diapers', 'Butter', 'Juice']"
1198,"['Coke', 'Eggs']"
1199,"['Bread', 'Beer']"
1200,"['Eggs', 'Milk', 'Beer', 'Coke']"
1201,"['Coke', 'Juice', 'Bread', 'Diapers', 'Milk']"
1202,"['Juice', 'Diapers', 'Coke']"
1203,"['Bread', 'Juice', 'Milk']"
1204,"['Diapers', 'Butter', 'Eggs']"
1205,"['Juice', 'Bread', 'Butter', 'Milk', 'Diapers']"
1206,"['Diapers', 'Bread', 'Juice', 'Milk', 'Eggs']"
1207,"['Butter', 'Coke']"
1208,"['Juice', 'Milk', 'Diapers', 'Eggs', 'Beer']"
1209,"['Butter', 'Milk', 'Juice', 'Beer']"
1210,"['Diapers', 'Beer', 'Bread', 'Milk', 'Eggs']"
1211,"['Milk', 'Juice', 'Bread', 'Coke', 'Diapers']"
1212,"['Beer', 'Juice', 'Bread', 'Butter']"
1213,"['Bread', 'Butter', 'Coke']"
1214,"['Milk', 'Butter']"
1215,"['Coke', 'Bread', 'Butter', 'Eggs']"
1216,"['Beer', 'Juice', 'Diapers', 'Butter', 'Eggs']"
1217,"['Beer', 'Diapers', 'Bread']"
1218,"['Juice', 'Butter', 'Eggs', 'Diapers', 'Milk']"
1219,"['Milk', 'Bread']"
1220,"['Eggs', 'Bread', 'Milk', 'Butter']"
1221,"['Milk', 'Bread']"
1222,"['Diapers', 'Butter', 'Beer']"
1223,"['Butter', 'Beer', 'Bread', 'Eggs']"
1224,"['Coke', 'Milk', 'Juice', 'Butter']"
1225,"['Beer', 'Butter', 'Juice', 'Eggs', 'Bread']"
1226,"['Bread', 'Diapers', 'Coke', 'Beer']"
1227,"['Diapers', 'Juice']"
1228,"['Bread', 'Coke', 'Diapers', 'Beer', 'Eggs']"
1229,"['Bread', 'Diapers', 'Milk']"
1230,"['Beer', 'Bread', 'Coke']"
1231,"['Milk', 'Juice']"
1232,"['Eggs', 'Diapers', 'Coke']"
1233,"['Butter', 'Bread', 'Diapers', 'Milk']"
1234,"['Bread', 'Beer', 'Milk']"
1235,"['Eggs', 'Beer']"
1236,"['Milk', 'Coke', 'Beer', 'Juice', 'Butter']"
1237,"['Butter', 'Diapers', 'Coke']"
1238,"['Beer', 'Coke', 'Milk']"
1239,"['Bread', 'Beer']"
1240,"['Milk', 'Bread', 'Coke']"
1241,"['Diapers', 'Juice', 'Milk', 'Eggs']"
1242,"['Coke', 'Milk', 'Beer', 'Butter']"
1243,"['Bread', 'Diapers', 'Butter']"
1244,"['Butter', 'Eggs', 'Coke']"
1245,"['Beer', 'Eggs', 'Coke', 'Milk']"
1246,"['Coke', 'Eggs', 'Beer']"
1247,"['Butter', 'Coke', 'Beer', 'Juice']"
1248,"['Coke', 'Milk', 'Bread', 'Juice', 'Butter']"
1249,"['Beer', 'Milk', 'Coke', 'Diapers']"
1250,"['Coke', 'Eggs', 'Butter', 'Bread', 'Beer']"
1251,"['Bread', 'Eggs', 'Butter', 'Coke']"
1252,"['Diapers', 'Eggs', 'Butter', 'Juice']"
1253,"['Eggs', 'Juice', 'Beer', 'Coke']"
1254,"['Juice', 'Eggs', 'Coke', 'Bread', 'Butter']"
1255,"['Beer', 'Coke', 'Eggs', 'Butter', 'Bread']"
1256,"['Coke', 'Milk']"
1257,"['Beer', 'Eggs', 'Juice', 'Milk']"
1258,"['Bread', 'Diapers', 'Butter', 'Eggs', 'Milk']"
1259,"['Butter', 'Diapers', 'Eggs']"
1260,"['Coke', 'Juice', 'Diapers', 'Butter', 'Milk']"
1261,"['Milk', 'Juice', 'Eggs', 'Diapers']"
1262,"['Eggs', 'Juice']"
1263,"['Eggs', 'Beer']"
1264,"['Juice', 'Bread', 'Diapers', 'Eggs', 'Beer']"
1265,"['Diapers', 'Juice', 'Beer', 'Coke']"
1266,"['Butter', 'Juice']"
1267,"['Milk', 'Butter']"
1268,"['Diapers', 'Coke']"
1269,"['Coke', 'Butter', 'Bread', 'Beer', 'Juice']"
1270,"['Bread', 'Milk', 'Butter']"
1271,"['Juice', 'Butter', 'Beer', 'Coke']"
1272,"['Coke', 'Diapers', 'Bread']"
1273,"['Diapers', 'Bread', 'Juice', 'Beer']"
1274,"['Bread', 'Butter', 'Milk', 'Beer']"
1275,"['Bread', 'Eggs']"
1276,"['Milk', 'Beer']"
1277,"['Beer', 'Eggs', 'Juice', 'Milk', 'Bread']"
1278,"['Coke', 'Butter', 'Beer']"
1279,"['Coke', 'Milk', 'Diapers', 'Juice']"
1280,"['Butter', 'Juice', 'Beer']"
1281,"['Coke', 'Milk', 'Eggs', 'Beer', 'Diapers']"
1282,"['Eggs', 'Beer']"
1283,"['Eggs', 'Juice']"
1284,"['Diapers', 'Bread', 'Milk', 'Beer']"
1285,"['Diapers', 'Coke', 'Butter', 'Beer', 'Juice']"
1286,"['Butter', 'Eggs', 'Beer']"
1287,"['Beer', 'Diapers', 'Butter']"
1288,"['Beer', 'Eggs', 'Diapers']"
1289,"['Butter', 'Beer']"
1290,"['Bread', 'Juice', 'Coke']"
1291,"['Milk', 'Butter']"
1292,"['Bread', 'Diapers']"
1293,"['Coke', 'Beer']"
1294,"['Milk', 'Beer', 'Eggs', 'Coke', 'Diapers']"
1295,"['Beer', 'Eggs', 'Diapers', 'Milk', 'Butter']"
1296,"['Beer', 'Juice', 'Coke']"
1297,"['Bread', 'Butter', 'Beer']"
1298,"['Eggs', 'Butter', 'Bread', 'Coke', 'Milk']"
1299,"['Beer', 'Eggs', 'Juice', 'Diapers', 'Coke']"
1300,"['Bread', 'Diapers', 'Coke', 'Eggs']"
1301,"['Eggs', 'Butter', 'Diapers']"
1302,"['Butter', 'Coke']"
1303,"['Juice', 'Butter']"
1304,"['Diapers', 'Juice', 'Coke']"
1305,"['Juice', 'Diapers', 'Eggs', 'Coke', 'Bread']"
1306,"['Eggs', 'Bread']"
1307,"['Eggs', 'Bread', 'Beer']"
1308,"['Juice', 'Butter', 'Beer', 'Eggs']"
1309,"['Butter', 'Juice', 'Coke', 'Milk']"
1310,"['Milk', 'Juice', 'Bread']"
1311,"['Milk', 'Bread', 'Butter', 'Juice', 'Eggs']"
1312,"['Butter', 'Milk', 'Diapers']"
1313,"['Diapers', 'Bread', 'Eggs']"
1314,"['Butter', 'Beer', 'Juice']"
1315,"['Coke', 'Butter', 'Juice', 'Milk']"
1316,"['Eggs', 'Bread']"
1317,"['Juice', 'Diapers']"
1318,"['Juice', 'Milk', 'Eggs', 'Diapers', 'Coke']"
1319,"['Diapers', 'Juice', 'Coke', 'Butter']"
1320,"['Beer', 'Bread', 'Juice']"
1321,"['Beer', 'Eggs']"
1322,"['Milk', 'Juice', 'Beer']"
1323,"['Milk', 'Butter', 'Beer']"
1324,"['Diapers', 'Eggs', 'Juice', 'Butter', 'Coke']"
1325,"['Milk', 'Coke', 'Diapers', 'Butter', 'Juice']"
1326,"['Eggs', 'Bread', 'Milk', 'Coke']"
1327,"['Butter', 'Diapers']"
1328,"['Eggs', 'Butter', 'Juice', 'Milk']"
1329,"['Juice', 'Diapers', 'Beer', 'Eggs', 'Butter']"
1330,"['Juice', 'Bread', 'Eggs']"
1331,"['Coke', 'Diapers', 'Juice', 'Beer']"
1332,"['Eggs', 'Butter']"
1333,"['Bread', 'Juice']"
1334,"['Beer', 'Juice', 'Coke', 'Diapers', 'Milk']"
1335,"['Coke', 'Butter', 'Juice', 'Milk', 'Beer']"
1336,"['Milk', 'Beer', 'Juice']"
1337,"['Juice', 'Eggs', 'Coke']"
1338,"['Milk', 'Coke']"
1339,"['Milk', 'Butter']"
1340,"['Bread', 'Milk']"
1341,"['Butter', 'Bread', 'Beer', 'Juice']"
1342,"['Butter', 'Bread', 'Juice', 'Diapers']"
1343,"['Milk', 'Bread', 'Eggs', 'Juice']"
1344,"['Bread', 'Milk', 'Butter', 'Beer', 'Diapers']"
1345,"['Bread', 'Beer', 'Eggs', 'Milk', 'Butter']"
1346,"['Butter', 'Coke', 'Juice', 'Eggs', 'Bread']"
1347,"['Coke', 'Beer', 'Juice', 'Milk']"
1348,"['Butter', 'Milk', 'Juice']"
1349,"['Coke', 'Bread', 'Butter']"
1350,"['Diapers', 'Juice']"
1351,"['Coke', 'Eggs', 'Beer', 'Diapers', 'Butter']"
1352,"['Juice', 'Bread', 'Coke', 'Milk', 'Beer']"
1353,"['Beer', 'Diapers', 'Coke', 'Bread']"
1354,"['Butter', 'Eggs', 'Juice', 'Beer']"
1355,"['Juice', 'Beer', 'Butter', 'Eggs']"
1356,"['Beer', 'Juice', 'Bread', 'Butter']"
1357,"['Diapers', 'Butter', 'Beer', 'Bread', 'Coke']"
1358,"['Bread', 'Butter']"
1359,"['Beer', 'Milk']"
1360,"['Coke', 'Diapers', 'Beer']"
1361,"['Bread', 'Eggs', 'Coke', 'Diapers']"
1362,"['Bread', 'Juice', 'Butter', 'Milk']"
1363,"['Beer', 'Juice', 'Diapers']"
1364,"['Coke', 'Bread']"
1365,"['Coke', 'Beer', 'Butter', 'Bread', 'Juice']"
1366,"['Milk', 'Eggs']"
1367,"['Eggs', 'Beer']"
1368,"['Eggs', 'Coke']"
1369,"['Coke', 'Bread', 'Eggs', 'Butter', 'Juice']"
1370,"['Beer', 'Bread', 'Juice']"
1371,"['Bread', 'Eggs']"
1372,"['Butter', 'Beer', 'Juice', 'Diapers']"
1373,"['Diapers', 'Beer', 'Butter']"
1374,"['Milk', 'Coke', 'Bread', 'Juice']"
1375,"['Beer', 'Eggs', 'Juice', 'Coke']"
1376,"['Eggs', 'Juice']"
1377,"['Beer', 'Coke']"
1378,"['Juice', 'Milk', 'Bread']"
1379,"['Bread', 'Coke', 'Beer']"
1380,"['Milk', 'Juice', 'Butter', 'Coke']"
1381,"['Juice', 'Coke', 'Butter', 'Bread']"
1382,"['Beer', 'Butter', 'Juice']"
1383,"['Milk', 'Bread']"
1384,"['Bread', 'Milk', 'Butter', 'Eggs']"
1385,"['Eggs', 'Butter', 'Juice', 'Milk']"
1386,"['Butter', 'Beer', 'Coke', 'Diapers']"
1387,"['Milk', 'Diapers']"
1388,"['Beer', 'Diapers', 'Milk', 'Butter', 'Bread']"
1389,"['Diapers', 'Eggs']"
1390,"['Juice', 'Butter']"
1391,"['Butter', 'Bread', 'Diapers', 'Milk']"
1392,"['Coke', 'Juice', 'Eggs', 'Bread', 'Beer']"
1393,"['Juice', 'Bread', 'Beer', 'Milk']"
1394,"['Juice', 'Beer', 'Butter']"
1395,"['Milk', 'Eggs']"
1396,"['Bread', 'Milk', 'Eggs']"
1397,"['Diapers', 'Eggs']"
1398,"['Eggs', 'Butter', 'Coke']"
1399,"['Eggs', 'Juice', 'Coke', 'Butter']"
1400,"['Beer', 'Eggs', 'Butter']"
1401,"['Juice', 'Coke']"
1402,"['Coke', 'Juice', 'Bread', 'Eggs']"
1403,"['Butter', 'Milk', 'Diapers', 'Beer']"
1404,"['Diapers', 'Milk']"
1405,"['Juice', 'Eggs', 'Butter', 'Diapers', 'Coke']"
1406,"['Bread', 'Eggs']"
1407,"['Milk', 'Coke', 'Eggs']"
1408,"['Juice', 'Butter', 'Eggs', 'Coke', 'Diapers']"
1409,"['Eggs', 'Juice', 'Coke']"
1410,"['Eggs', 'Coke', 'Beer', 'Bread']"
1411,"['Beer', 'Juice', 'Butter']"
1412,"['Juice', 'Coke', 'Beer']"
1413,"['Milk', 'Diapers']"
1414,"['Eggs', 'Butter']"
1415,"['Coke', 'Diapers', 'Butter', 'Bread']"
1416,"['Milk', 'Beer']"
1417,"['Milk', 'Butter']"
1418,"['Bread', 'Butter']"
1419,"['Juice', 'Diapers']"
1420,"['Bread', 'Butter', 'Beer', 'Diapers']"
1421,"['Bread', 'Butter', 'Coke', 'Eggs', 'Juice']"
1422,"['Coke', 'Beer', 'Diapers', 'Eggs', 'Milk']"
1423,"['Beer', 'Butter', 'Eggs']"
1424,"['Beer', 'Milk']"
1425,"['Butter', 'Coke', 'Juice']"
1426,"['Milk', 'Coke']"
1427,"['Butter', 'Beer', 'Juice']"
1428,"['Milk', 'Diapers', 'Bread', 'Juice', 'Butter']"
1429,"['Milk', 'Beer']"
1430,"['Eggs', 'Bread', 'Diapers', 'Juice', 'Coke']"
1431,"['Juice', 'Milk']"
1432,"['Eggs', 'Bread', 'Juice', 'Beer']"
1433,"['Bread', 'Juice', 'Diapers', 'Butter']"
1434,"['Juice', 'Bread']"
1435,"['Juice', 'Coke']"
1436,"['Juice', 'Beer', 'Butter', 'Eggs']"
1437,"['Bread', 'Butter', 'Diapers']"
1438,"['Milk', 'Beer']"
1439,"['Diapers', 'Juice', 'Eggs']"
1440,"['Diapers', 'Eggs', 'Coke', 'Juice']"
1441,"['Diapers', 'Beer', 'Juice']"
1442,"['Eggs', 'Bread', 'Butter', 'Milk']"
1443,"['Beer', 'Eggs', 'Diapers', 'Juice']"
1444,"['Milk', 'Bread']"
1445,"['Beer', 'Diapers', 'Juice', 'Butter']"
1446,"['Coke', 'Bread', 'Eggs', 'Butter']"
1447,"['Coke', 'Eggs', 'Bread']"
1448,"['Butter', 'Juice', 'Milk', 'Eggs', 'Bread']"
1449,"['Juice', 'Eggs', 'Bread', 'Butter']"
1450,"['Diapers', 'Eggs', 'Beer']"
1451,"['Bread', 'Coke', 'Eggs', 'Beer']"
1452,"['Eggs', 'Butter']"
1453,"['Diapers', 'Beer', 'Coke', 'Juice', 'Butter']"
1454,"['Bread', 'Butter', 'Juice', 'Eggs']"
1455,"['Eggs', 'Diapers', 'Juice', 'Butter']"
1456,"['Coke', 'Bread', 'Eggs', 'Juice']"
1457,"['Diapers', 'Bread', 'Butter', 'Beer']"
1458,"['Bread', 'Eggs', 'Butter', 'Diapers', 'Coke']"
1459,"['Butter', 'Diapers', 'Bread']"
1460,"['Diapers', 'Butter', 'Bread', 'Beer', 'Juice']"
1461,"['Juice', 'Diapers', 'Bread']"
1462,"['Bread', 'Eggs', 'Juice']"
1463,"['Juice', 'Bread', 'Eggs']"
1464,"['Juice', 'Butter', 'Milk', 'Bread']"
1465,"['Coke', 'Bread']"
1466,"['Diapers', 'Butter', 'Juice', 'Coke', 'Eggs']"
1467,"['Butter', 'Beer', 'Eggs']"
1468,"['Milk', 'Diapers', 'Eggs', 'Butter', 'Bread']"
1469,"['Eggs', 'Butter', 'Beer', 'Coke']"
1470,"['Eggs', 'Diapers', 'Beer', 'Juice', 'Coke']"
1471,"['Beer', 'Juice']"
1472,"['Diapers', 'Bread', 'Eggs']"
1473,"['Coke', 'Butter', 'Eggs', 'Juice']"
1474,"['Eggs', 'Beer']"
1475,"['Beer', 'Butter']"
1476,"['Beer', 'Juice', 'Milk', 'Diapers']"
1477,"['Diapers', 'Juice']"
1478,"['Bread', 'Milk', 'Coke']"
1479,"['Juice', 'Bread', 'Milk', 'Eggs']"
1480,"['Juice', 'Milk', 'Coke', 'Beer', 'Diapers']"
1481,"['Bread', 'Beer', 'Milk']"
1482,"['Beer', 'Coke', 'Bread', 'Eggs', 'Juice']"
1483,"['Coke', 'Bread']"
1484,"['Eggs', 'Diapers', 'Juice', 'Coke', 'Milk']"
1485,"['Diapers', 'Coke', 'Juice', 'Eggs']"
1486,"['Diapers', 'Coke', 'Juice']"
1487,"['Eggs', 'Diapers', 'Milk', 'Juice', 'Beer']"
1488,"['Diapers', 'Juice', 'Bread']"
1489,"['Beer', 'Bread']"
1490,"['Eggs', 'Bread', 'Diapers', 'Coke', 'Juice']"
1491,"['Beer', 'Coke']"
1492,"['Beer', 'Diapers', 'Butter', 'Coke', 'Eggs']"
1493,"['Juice', 'Diapers', 'Eggs', 'Coke', 'Butter']"
1494,"['Juice', 'Diapers', 'Butter', 'Milk']"
1495,"['Eggs', 'Diapers', 'Butter']"
1496,"['Butter', 'Bread']"
1497,"['Diapers', 'Milk', 'Eggs']"
1498,"['Bread', 'Juice', 'Eggs', 'Beer', 'Diapers']"
1499,"['Eggs', 'Bread', 'Diapers', 'Coke']"
1500,"['Coke', 'Juice']"
1501,"['Milk', 'Diapers']"
1502,"['Beer', 'Coke', 'Milk', 'Butter']"
1503,"['Bread', 'Coke']"
1504,"['Coke', 'Milk', 'Diapers', 'Juice', 'Bread']"
1505,"['Juice', 'Butter', 'Coke', 'Diapers', 'Bread']"
1506,"['Bread', 'Coke', 'Eggs', 'Beer']"
1507,"['Juice', 'Butter']"
1508,"['Bread', 'Milk']"
1509,"['Coke', 'Bread', 'Juice']"
1510,"['Beer', 'Milk', 'Butter', 'Juice']"
1511,"['Beer', 'Juice', 'Diapers', 'Milk']"
1512,"['Beer', 'Eggs', 'Juice', 'Coke']"
1513,"['Juice', 'Beer']"
1514,"['Beer', 'Bread', 'Milk', 'Coke', 'Butter']"
1515,"['Butter', 'Diapers', 'Bread']"
1516,"['Butter', 'Milk', 'Bread', 'Coke']"
1517,"['Juice', 'Beer', 'Diapers', 'Eggs', 'Coke']"
1518,"['Bread', 'Butter', 'Beer']"
1519,"['Butter', 'Coke', 'Diapers', 'Juice', 'Beer']"
1520,"['Milk', 'Coke']"
1521,"['Bread', 'Eggs', 'Juice', 'Milk', 'Diapers']"
1522,"['Juice', 'Diapers']"
1523,"['Butter', 'Bread', 'Diapers']"
1524,"['Diapers', 'Milk', 'Juice', 'Eggs']"
1525,"['Juice', 'Eggs']"
1526,"['Bread', 'Juice', 'Diapers', 'Milk']"
1527,"['Juice', 'Coke', 'Bread', 'Eggs']"
1528,"['Eggs', 'Coke', 'Beer', 'Bread']"
1529,"['Beer', 'Bread']"
1530,"['Coke', 'Butter']"
1531,"['Milk', 'Coke', 'Beer', 'Butter', 'Juice']"
1532,"['Beer', 'Eggs']"
1533,"['Juice', 'Eggs', 'Milk', 'Bread', 'Diapers']"
1534,"['Diapers', 'Beer']"
1535,"['Bread', 'Milk', 'Coke']"
1536,"['Eggs', 'Beer', 'Butter', 'Bread', 'Coke']"
1537,"['Diapers', 'Coke', 'Bread']"
1538,"['Beer', 'Diapers', 'Butter', 'Bread', 'Juice']"
1539,"['Milk', 'Eggs']"
1540,"['Eggs', 'Butter', 'Juice', 'Milk', 'Diapers']"
1541,"['Eggs', 'Bread']"
1542,"['Bread', 'Eggs', 'Diapers']"
1543,"['Eggs', 'Butter', 'Juice']"
1544,"['Beer', 'Milk', 'Butter', 'Juice', 'Eggs']"
1545,"['Beer', 'Diapers', 'Juice', 'Eggs']"
1546,"['Juice', 'Butter', 'Coke']"
1547,"['Coke', 'Eggs', 'Beer']"
1548,"['Diapers', 'Beer', 'Milk']"
1549,"['Eggs', 'Bread', 'Diapers']"
1550,"['Coke', 'Juice']"
1551,"['Juice', 'Coke', 'Eggs', 'Milk']"
1552,"['Eggs', 'Bread', 'Juice', 'Butter']"
1553,"['Beer', 'Juice', 'Bread', 'Eggs', 'Butter']"
1554,"['Bread', 'Butter', 'Beer', 'Diapers']"
1555,"['Eggs', 'Milk', 'Bread']"
1556,"['Bread', 'Milk', 'Beer', 'Butter']"
1557,"['Diapers', 'Eggs', 'Beer', 'Coke', 'Juice']"
1558,"['Coke', 'Bread']"
1559,"['Bread', 'Diapers', 'Juice', 'Beer', 'Butter']"
1560,"['Juice', 'Butter']"
1561,"['Butter', 'Milk']"
1562,"['Eggs', 'Milk', 'Coke', 'Juice']"
1563,"['Milk', 'Beer', 'Diapers', 'Coke']"
1564,"['Milk', 'Juice', 'Butter', 'Coke']"
1565,"['Butter', 'Milk', 'Coke', 'Bread', 'Eggs']"
1566,"['Diapers', 'Milk', 'Eggs']"
1567,"['Eggs', 'Diapers', 'Milk']"
1568,"['Diapers', 'Coke']"
1569,"['Diapers', 'Milk', 'Bread', 'Coke']"
1570,"['Diapers', 'Bread', 'Milk', 'Coke']"
1571,"['Eggs', 'Coke', 'Milk']"
1572,"['Coke', 'Eggs', 'Beer']"
1573,"['Diapers', 'Coke', 'Eggs']"
1574,"['Eggs', 'Milk', 'Butter', 'Coke', 'Bread']"
1575,"['Coke', 'Bread', 'Butter']"
1576,"['Butter', 'Beer', 'Milk']"
1577,"['Juice', 'Beer', 'Eggs']"
1578,"['Butter', 'Coke', 'Juice', 'Milk']"
1579,"['Juice', 'Milk', 'Beer', 'Coke']"
1580,"['Juice', 'Diapers']"
1581,"['Beer', 'Juice', 'Bread']"
1582,"['Eggs', 'Juice', 'Beer']"
1583,"['Eggs', 'Beer', 'Coke', 'Bread']"
1584,"['Bread', 'Butter']"
1585,"['Coke', 'Eggs', 'Butter']"
1586,"['Beer', 'Bread', 'Coke', 'Milk', 'Butter']"
1587,"['Coke', 'Beer']"
1588,"['Diapers', 'Juice', 'Eggs']"
1589,"['Juice', 'Beer', 'Butter', 'Diapers']"
1590,"['Coke', 'Juice', 'Diapers', 'Eggs']"
1591,"['Beer', 'Bread', 'Coke', 'Eggs', 'Juice']"
1592,"['Butter', 'Milk', 'Bread']"
1593,"['Eggs', 'Milk', 'Juice']"
1594,"['Juice', 'Beer', 'Bread', 'Butter', 'Diapers']"
1595,"['Coke', 'Bread', 'Juice', 'Beer', 'Diapers']"
1596,"['Butter', 'Eggs', 'Juice', 'Beer']"
1597,"['Diapers', 'Coke', 'Beer']"
1598,"['Beer', 'Eggs', 'Coke', 'Juice', 'Diapers']"
1599,"['Juice', 'Milk', 'Diapers', 'Butter', 'Eggs']"
1600,"['Diapers', 'Juice', 'Bread', 'Butter', 'Beer']"
1601,"['Beer', 'Coke']"
1602,"['Bread', 'Juice']"
1603,"['Coke', 'Diapers']"
1604,"['Diapers', 'Butter', 'Juice', 'Beer']"
1605,"['Diapers', 'Eggs', 'Bread', 'Beer']"
1606,"['Milk', 'Beer', 'Bread', 'Eggs', 'Diapers']"
1607,"['Diapers', 'Bread', 'Beer', 'Milk', 'Coke']"
1608,"['Diapers', 'Beer']"
1609,"['Bread', 'Diapers', 'Beer']"
1610,"['Milk', 'Eggs', 'Juice', 'Beer', 'Butter']"
1611,"['Diapers', 'Bread']"
1612,"['Bread', 'Diapers']"
1613,"['Butter', 'Bread', 'Coke']"
1614,"['Butter', 'Eggs', 'Beer', 'Juice', 'Milk']"
1615,"['Diapers', 'Juice', 'Butter']"
1616,"['Coke', 'Beer', 'Diapers']"
1617,"['Diapers', 'Juice']"
1618,"['Butter', 'Juice', 'Milk', 'Coke']"
1619,"['Coke', 'Beer', 'Eggs', 'Milk', 'Diapers']"
1620,"['Coke', 'Milk', 'Diapers']"
1621,"['Coke', 'Eggs', 'Diapers']"
1622,"['Butter', 'Bread', 'Coke', 'Juice']"
1623,"['Milk', 'Eggs', 'Diapers']"
1624,"['Diapers', 'Butter', 'Beer', 'Juice']"
1625,"['Bread', 'Diapers', 'Coke', 'Milk']"
1626,"['Milk', 'Butter', 'Bread', 'Beer']"
1627,"['Butter', 'Beer', 'Eggs']"
1628,"['Juice', 'Diapers', 'Coke', 'Bread']"
1629,"['Juice', 'Butter', 'Beer', 'Milk']"
1630,"['Diapers', 'Coke', 'Milk', 'Beer', 'Butter']"
1631,"['Eggs', 'Juice']"
1632,"['Eggs', 'Butter']"
1633,"['Beer', 'Milk', 'Diapers', 'Juice', 'Bread']"
1634,"['Eggs', 'Milk', 'Butter', 'Diapers', 'Juice']"
1635,"['Coke', 'Butter', 'Milk']"
1636,"['Coke', 'Beer']"
1637,"['Butter', 'Coke', 'Diapers']"
1638,"['Bread', 'Coke']"
1639,"['Eggs', 'Diapers', 'Milk', 'Beer']"
1640,"['Coke', 'Eggs', 'Milk']"
1641,"['Beer', 'Bread', 'Milk']"
1642,"['Diapers', 'Butter', 'Coke', 'Bread', 'Beer']"
1643,"['Bread', 'Milk']"
1644,"['Diapers', 'Butter', 'Bread']"
1645,"['Juice', 'Eggs']"
1646,"['Milk', 'Bread', 'Eggs']"
1647,"['Juice', 'Bread']"
1648,"['Juice', 'Coke', 'Bread', 'Milk', 'Diapers']"
1649,"['Bread', 'Beer']"
1650,"['Juice', 'Beer', 'Bread']"
1651,"['Butter', 'Coke']"
1652,"['Juice', 'Bread', 'Coke', 'Diapers']"
1653,"['Milk', 'Eggs']"
1654,"['Eggs', 'Beer', 'Diapers', 'Milk']"
1655,"['Beer', 'Butter', 'Eggs', 'Bread']"
1656,"['Bread', 'Milk', 'Diapers', 'Coke', 'Juice']"
1657,"['Bread', 'Coke', 'Beer', 'Milk', 'Juice']"
1658,"['Butter', 'Milk']"
1659,"['Milk', 'Juice']"
1660,"['Bread', 'Coke', 'Beer']"
1661,"['Milk', 'Eggs', 'Beer', 'Juice']"
1662,"['Juice', 'Milk']"
1663,"['Coke', 'Eggs', 'Milk']"
1664,"['Eggs', 'Bread', 'Diapers', 'Coke', 'Butter']"
1665,"['Bread', 'Milk', 'Coke', 'Butter', 'Beer']"
1666,"['Bread', 'Beer', 'Diapers', 'Milk', 'Butter']"
1667,"['Butter', 'Eggs', 'Juice', 'Coke', 'Diapers']"
1668,"['Coke', 'Beer', 'Diapers']"
1669,"['Bread', 'Eggs']"
1670,"['Diapers', 'Bread', 'Coke']"
1671,"['Bread', 'Milk', 'Diapers', 'Coke']"
1672,"['Beer', 'Coke', 'Bread', 'Diapers']"
1673,"['Milk', 'Eggs', 'Juice', 'Bread', 'Coke']"
1674,"['Butter', 'Juice']"
1675,"['Coke', 'Bread', 'Eggs', 'Milk']"
1676,"['Butter', 'Coke']"
1677,"['Diapers', 'Eggs']"
1678,"['Bread', 'Juice', 'Diapers', 'Butter', 'Eggs']"
1679,"['Milk', 'Coke', 'Diapers', 'Butter']"
1680,"['Bread', 'Butter']"
1681,"['Eggs', 'Juice', 'Milk']"
1682,"['Eggs', 'Juice']"
1683,"['Diapers', 'Butter', 'Milk']"
1684,"['Bread', 'Eggs', 'Diapers', 'Butter', 'Milk']"
1685,"['Coke', 'Diapers', 'Bread', 'Eggs']"
1686,"['Milk', 'Butter', 'Bread', 'Coke', 'Juice']"
1687,"['Milk', 'Bread']"
1688,"['Bread', 'Beer', 'Butter']"
1689,"['Coke', 'Diapers']"
1690,"['Eggs', 'Milk', 'Beer', 'Butter', 'Diapers']"
1691,"['Bread', 'Coke']"
1692,"['Coke', 'Eggs', 'Butter', 'Milk']"
1693,"['Coke', 'Beer']"
1694,"['Diapers', 'Coke', 'Juice', 'Milk']"
1695,"['Eggs', 'Juice']"
1696,"['Bread', 'Beer']"
1697,"['Coke', 'Bread', 'Diapers']"
1698,"['Bread', 'Diapers', 'Eggs', 'Milk', 'Butter']"
1699,"['Beer', 'Bread']"
1700,"['Butter', 'Beer']"
1701,"['Diapers', 'Juice', 'Beer']"
1702,"['Eggs', 'Diapers', 'Butter', 'Coke']"
1703,"['Beer', 'Coke', 'Milk']"
1704,"['Bread', 'Coke', 'Eggs']"
1705,"['Beer', 'Butter', 'Milk', 'Eggs']"
1706,"['Diapers', 'Eggs', 'Milk', 'Beer', 'Juice']"
1707,"['Bread', 'Milk', 'Diapers']"
1708,"['Diapers', 'Beer', 'Milk']"
1709,"['Juice', 'Butter']"
1710,"['Beer', 'Butter']"
1711,"['Milk', 'Juice', 'Beer', 'Coke', 'Eggs']"
1712,"['Butter', 'Milk']"
1713,"['Diapers', 'Bread', 'Milk']"
1714,"['Diapers', 'Beer', 'Milk', 'Coke']"
1715,"['Milk', 'Beer', 'Juice', 'Diapers']"
1716,"['Milk', 'Eggs', 'Juice', 'Beer']"
1717,"['Juice', 'Beer', 'Coke', 'Eggs']"
1718,"['Bread', 'Milk', 'Juice', 'Eggs']"
1719,"['Eggs', 'Milk', 'Beer']"
1720,"['Butter', 'Beer']"
1721,"['Coke', 'Beer', 'Juice']"
1722,"['Beer', 'Bread', 'Eggs', 'Milk', 'Butter']"
1723,"['Diapers', 'Butter', 'Beer']"
1724,"['Beer', 'Bread', 'Milk', 'Diapers']"
1725,"['Juice', 'Milk', 'Eggs', 'Butter', 'Beer']"
1726,"['Butter', 'Bread', 'Juice', 'Eggs', 'Beer']"
1727,"['Juice', 'Eggs']"
1728,"['Coke', 'Eggs', 'Bread', 'Beer', 'Milk']"
1729,"['Eggs', 'Coke', 'Milk', 'Juice']"
1730,"['Coke', 'Beer', 'Eggs']"
1731,"['Juice', 'Beer', 'Coke', 'Milk']"
1732,"['Bread', 'Eggs', 'Beer', 'Juice', 'Butter']"
1733,"['Juice', 'Milk', 'Coke', 'Eggs']"
1734,"['Milk', 'Juice', 'Beer']"
1735,"['Diapers', 'Juice', 'Butter', 'Bread']"
1736,"['Juice', 'Coke', 'Diapers', 'Milk', 'Beer']"
1737,"['Bread', 'Juice']"
1738,"['Butter', 'Milk', 'Bread']"
1739,"['Butter', 'Milk']"
1740,"['Eggs', 'Milk']"
1741,"['Eggs', 'Butter', 'Coke', 'Diapers']"
1742,"['Milk', 'Beer', 'Butter', 'Eggs', 'Bread']"
1743,"['Milk', 'Eggs']"
1744,"['Butter', 'Milk', 'Beer', 'Juice']"
1745,"['Coke', 'Milk']"
1746,"['Bread', 'Butter', 'Beer']"
1747,"['Milk', 'Eggs', 'Juice', 'Diapers', 'Bread']"
1748,"['Coke', 'Bread']"
1749,"['Beer', 'Diapers', 'Milk', 'Juice', 'Bread']"
1750,"['Butter', 'Bread', 'Diapers', 'Milk', 'Eggs']"
1751,"['Coke', 'Butter']"
1752,"['Eggs', 'Milk', 'Diapers', 'Coke', 'Juice']"
1753,"['Diapers', 'Butter', 'Eggs', 'Coke', 'Milk']"
1754,"['Juice', 'Bread']"
1755,"['Juice', 'Coke', 'Diapers']"
1756,"['Milk', 'Bread', 'Diapers', 'Coke', 'Beer']"
1757,"['Diapers', 'Eggs']"
1758,"['Coke', 'Milk', 'Diapers', 'Eggs']"
1759,"['Butter', 'Diapers', 'Juice', 'Eggs']"
1760,"['Juice', 'Butter']"
1761,"['Butter', 'Juice', 'Beer', 'Bread', 'Eggs']"
1762,"['Eggs', 'Bread', 'Beer', 'Butter']"
1763,"['Butter', 'Eggs', 'Bread']"
1764,"['Milk', 'Beer', 'Eggs']"
1765,"['Butter', 'Eggs', 'Coke']"
1766,"['Butter', 'Milk', 'Beer', 'Diapers', 'Bread']"
1767,"['Eggs', 'Bread']"
1768,"['Eggs', 'Bread', 'Diapers', 'Juice', 'Beer']"
1769,"['Beer', 'Diapers', 'Coke', 'Butter']"
1770,"['Milk', 'Eggs', 'Butter', 'Coke']"
1771,"['Butter', 'Juice', 'Milk', 'Coke', 'Beer']"
1772,"['Beer', 'Eggs', 'Bread', 'Butter', 'Milk']"
1773,"['Diapers', 'Bread', 'Milk', 'Eggs']"
1774,"['Juice', 'Coke', 'Bread']"
1775,"['Butter', 'Milk', 'Eggs']"
1776,"['Coke', 'Milk', 'Beer', 'Butter', 'Diapers']"
1777,"['Coke', 'Juice']"
1778,"['Diapers', 'Bread']"
1779,"['Bread', 'Butter']"
1780,"['Bread', 'Coke', 'Milk', 'Butter', 'Beer']"
1781,"['Juice', 'Coke']"
1782,"['Coke', 'Juice', 'Eggs', 'Butter']"
1783,"['Milk', 'Bread', 'Butter', 'Coke']"
1784,"['Eggs', 'Butter']"
1785,"['Juice', 'Butter']"
1786,"['Bread', 'Butter', 'Beer']"
1787,"['Bread', 'Diapers']"
1788,"['Juice', 'Diapers']"
1789,"['Milk', 'Eggs', 'Diapers']"
1790,"['Coke', 'Beer', 'Milk', 'Eggs']"
1791,"['Milk', 'Diapers', 'Bread', 'Butter', 'Beer']"
1792,"['Coke', 'Diapers', 'Juice']"
1793,"['Butter', 'Coke', 'Bread']"
1794,"['Diapers', 'Butter', 'Milk', 'Coke', 'Bread']"
1795,"['Milk', 'Butter', 'Juice']"
1796,"['Milk', 'Eggs', 'Diapers', 'Beer', 'Juice']"
1797,"['Butter', 'Juice', 'Eggs', 'Diapers']"
1798,"['Milk', 'Bread', 'Juice']"
1799,"['Butter', 'Diapers', 'Milk', 'Beer', 'Bread']"
1800,"['Eggs', 'Diapers', 'Beer', 'Juice']"
1801,"['Juice', 'Milk', 'Beer', 'Coke']"
1802,"['Diapers', 'Juice']"
1803,"['Butter', 'Diapers', 'Juice', 'Eggs']"
1804,"['Coke', 'Eggs', 'Milk', 'Bread', 'Diapers']"
1805,"['Bread', 'Butter', 'Eggs']"
1806,"['Milk', 'Butter', 'Beer', 'Juice', 'Bread']"
1807,"['Beer', 'Juice', 'Milk', 'Diapers']"
1808,"['Juice', 'Bread']"
1809,"['Beer', 'Juice']"
1810,"['Eggs', 'Juice', 'Beer', 'Milk']"
1811,"['Eggs', 'Diapers']"
1812,"['Butter', 'Juice', 'Eggs', 'Beer']"
1813,"['Beer', 'Juice', 'Butter', 'Milk']"
1814,"['Milk', 'Eggs', 'Coke', 'Diapers']"
1815,"['Butter', 'Milk', 'Eggs']"
1816,"['Diapers', 'Butter', 'Bread', 'Juice', 'Beer']"
1817,"['Butter', 'Eggs', 'Juice', 'Beer']"
1818,"['Eggs', 'Juice']"
1819,"['Coke', 'Butter']"
1820,"['Beer', 'Juice', 'Bread', 'Coke']"
1821,"['Coke', 'Bread', 'Juice', 'Diapers']"
1822,"['Beer', 'Bread']"
1823,"['Coke', 'Milk', 'Eggs', 'Diapers']"
1824,"['Butter', 'Diapers']"
1825,"['Bread', 'Coke', 'Diapers']"
1826,"['Milk', 'Beer']"
1827,"['Milk', 'Beer']"
1828,"['Beer', 'Juice']"
1829,"['Diapers', 'Milk', 'Bread']"
1830,"['Coke', 'Bread', 'Diapers']"
1831,"['Milk', 'Eggs', 'Bread']"
1832,"['Eggs', 'Coke', 'Butter', 'Bread']"
1833,"['Bread', 'Beer', 'Milk', 'Coke']"
1834,"['Milk', 'Bread', 'Beer']"
1835,"['Bread', 'Milk', 'Beer', 'Coke', 'Juice']"
1836,"['Milk', 'Diapers', 'Coke', 'Eggs', 'Butter']"
1837,"['Juice', 'Butter']"
1838,"['Bread', 'Juice', 'Beer']"
1839,"['Juice', 'Milk', 'Diapers', 'Bread', 'Butter']"
1840,"['Bread', 'Juice', 'Coke', 'Butter']"
1841,"['Bread', 'Beer', 'Juice']"
1842,"['Beer', 'Butter', 'Milk', 'Diapers', 'Coke']"
1843,"['Butter', 'Bread', 'Milk', 'Diapers']"
1844,"['Butter', 'Coke', 'Bread', 'Eggs', 'Beer']"
1845,"['Butter', 'Juice', 'Beer', 'Diapers', 'Coke']"
1846,"['Butter', 'Beer', 'Eggs', 'Milk', 'Coke']"
1847,"['Butter', 'Juice', 'Diapers', 'Eggs']"
1848,"['Bread', 'Juice', 'Beer']"
1849,"['Coke', 'Milk']"
1850,"['Eggs', 'Bread', 'Coke', 'Milk']"
1851,"['Bread', 'Coke', 'Eggs', 'Diapers', 'Milk']"
1852,"['Eggs', 'Juice', 'Beer', 'Milk']"
1853,"['Coke', 'Diapers', 'Bread', 'Beer']"
1854,"['Diapers', 'Bread', 'Eggs']"
1855,"['Eggs', 'Butter']"
1856,"['Bread', 'Juice', 'Milk']"
1857,"['Coke', 'Beer', 'Milk', 'Diapers', 'Eggs']"
1858,"['Beer', 'Milk']"
1859,"['Coke', 'Eggs']"
1860,"['Beer', 'Eggs', 'Diapers']"
1861,"['Coke', 'Milk']"
1862,"['Milk', 'Juice', 'Butter']"
1863,"['Juice', 'Milk', 'Butter']"
1864,"['Coke', 'Eggs', 'Milk']"
1865,"['Eggs', 'Beer', 'Diapers', 'Butter']"
1866,"['Coke', 'Diapers', 'Milk', 'Juice', 'Eggs']"
1867,"['Juice', 'Eggs', 'Bread']"
1868,"['Beer', 'Bread']"
1869,"['Juice', 'Milk', 'Beer', 'Diapers']"
1870,"['Juice', 'Butter', 'Diapers', 'Beer']"
1871,"['Bread', 'Butter', 'Beer']"
1872,"['Milk', 'Diapers', 'Bread']"
1873,"['Milk', 'Bread', 'Butter']"
1874,"['Bread', 'Diapers', 'Butter', 'Eggs']"
1875,"['Eggs', 'Butter', 'Beer', 'Milk', 'Coke']"
1876,"['Beer', 'Diapers', 'Eggs', 'Bread']"
1877,"['Milk', 'Butter']"
1878,"['Beer', 'Coke', 'Butter', 'Milk', 'Diapers']"
1879,"['Butter', 'Diapers']"
1880,"['Beer', 'Bread', 'Milk', 'Diapers', 'Butter']"
1881,"['Bread', 'Eggs', 'Diapers']"
1882,"['Eggs', 'Butter', 'Coke']"
1883,"['Bread', 'Coke']"
1884,"['Diapers', 'Juice']"
1885,"['Eggs', 'Diapers', 'Bread', 'Juice', 'Milk']"
1886,"['Juice', 'Beer', 'Eggs']"
1887,"['Butter', 'Bread', 'Juice', 'Beer']"
1888,"['Milk', 'Juice', 'Butter', 'Bread', 'Eggs']"
1889,"['Juice', 'Beer']"
1890,"['Milk', 'Eggs']"
1891,"['Butter', 'Diapers']"
1892,"['Milk', 'Bread']"
1893,"['Eggs', 'Coke', 'Bread', 'Diapers']"
1894,"['Butter', 'Beer', 'Coke', 'Juice', 'Diapers']"
1895,"['Juice', 'Diapers', 'Milk', 'Bread']"
1896,"['Butter', 'Juice', 'Coke', 'Eggs', 'Milk']"
1897,"['Milk', 'Bread', 'Coke']"
1898,"['Bread', 'Beer']"
1899,"['Milk', 'Butter', 'Beer', 'Bread']"
1900,"['Diapers', 'Milk', 'Butter', 'Juice']"
1901,"['Milk', 'Coke']"
1902,"['Butter', 'Coke']"
1903,"['Eggs', 'Coke', 'Juice']"
1904,"['Beer', 'Juice', 'Coke']"
1905,"['Beer', 'Eggs', 'Diapers', 'Coke', 'Juice']"
1906,"['Juice', 'Milk']"
1907,"['Coke', 'Milk', 'Eggs']"
1908,"['Milk', 'Juice']"
1909,"['Milk', 'Juice', 'Coke', 'Bread', 'Beer']"
1910,"['Eggs', 'Diapers', 'Coke']"
1911,"['Juice', 'Coke', 'Diapers']"
1912,"['Coke', 'Diapers', 'Milk', 'Butter']"
1913,"['Beer', 'Milk']"
1914,"['Bread', 'Coke', 'Butter']"
1915,"['Eggs', 'Butter', 'Diapers', 'Coke']"
1916,"['Eggs', 'Juice', 'Butter']"
1917,"['Bread', 'Juice', 'Eggs', 'Diapers', 'Butter']"
1918,"['Beer', 'Bread', 'Coke']"
1919,"['Coke', 'Diapers', 'Milk', 'Butter']"
1920,"['Milk', 'Diapers', 'Eggs']"
1921,"['Coke', 'Beer', 'Juice']"
1922,"['Bread', 'Diapers', 'Eggs']"
1923,"['Butter', 'Eggs']"
1924,"['Milk', 'Eggs']"
1925,"['Diapers', 'Coke', 'Butter', 'Juice']"
1926,"['Beer', 'Diapers']"
1927,"['Diapers', 'Coke', 'Milk', 'Bread', 'Juice']"
1928,"['Juice', 'Milk']"
1929,"['Beer', 'Milk', 'Juice', 'Coke', 'Bread']"
1930,"['Bread', 'Butter']"
1931,"['Diapers', 'Beer', 'Coke']"
1932,"['Milk', 'Diapers']"
1933,"['Juice', 'Milk']"
1934,"['Bread', 'Eggs']"
1935,"['Beer', 'Butter']"
1936,"['Diapers', 'Butter', 'Coke', 'Juice', 'Milk']"
1937,"['Diapers', 'Butter', 'Milk', 'Eggs', 'Coke']"
1938,"['Beer', 'Eggs', 'Bread', 'Juice', 'Butter']"
1939,"['Butter', 'Diapers']"
1940,"['Bread', 'Milk', 'Beer']"
1941,"['Diapers', 'Milk', 'Coke', 'Bread', 'Butter']"
1942,"['Bread', 'Juice']"
1943,"['Diapers', 'Eggs']"
1944,"['Milk', 'Coke']"
1945,"['Eggs', 'Coke', 'Juice']"
1946,"['Bread', 'Beer']"
1947,"['Bread', 'Milk', 'Coke']"
1948,"['Beer', 'Eggs', 'Diapers', 'Coke', 'Juice']"
1949,"['Beer', 'Eggs', 'Juice', 'Milk', 'Diapers']"
1950,"['Juice', 'Butter']"
1951,"['Beer', 'Juice', 'Butter', 'Eggs', 'Coke']"
1952,"['Butter', 'Bread', 'Beer', 'Diapers', 'Eggs']"
1953,"['Butter', 'Coke', 'Eggs']"
1954,"['Eggs', 'Juice']"
1955,"['Butter', 'Eggs', 'Beer']"
1956,"['Butter', 'Milk', 'Eggs', 'Diapers']"
1957,"['Beer', 'Milk']"
1958,"['Eggs', 'Beer', 'Juice', 'Bread']"
1959,"['Milk', 'Butter', 'Diapers', 'Eggs']"
1960,"['Milk', 'Coke', 'Eggs', 'Bread']"
1961,"['Butter', 'Eggs']"
1962,"['Bread', 'Coke', 'Butter']"
1963,"['Beer', 'Coke', 'Milk']"
1964,"['Bread', 'Juice', 'Butter', 'Eggs', 'Coke']"
1965,"['Coke', 'Beer']"
1966,"['Juice', 'Milk', 'Butter', 'Diapers']"
1967,"['Butter', 'Bread', 'Diapers', 'Juice']"
1968,"['Butter', 'Diapers', 'Coke', 'Juice', 'Beer']"
1969,"['Eggs', 'Milk', 'Coke', 'Bread']"
1970,"['Coke', 'Beer', 'Butter', 'Milk']"
1971,"['Coke', 'Diapers', 'Eggs', 'Beer', 'Juice']"
1972,"['Milk', 'Bread', 'Butter']"
1973,"['Milk', 'Butter']"
1974,"['Juice', 'Eggs', 'Milk']"
1975,"['Butter', 'Coke']"
1976,"['Juice', 'Beer']"
1977,"['Beer', 'Coke', 'Diapers', 'Juice', 'Milk']"
1978,"['Beer', 'Diapers', 'Eggs', 'Bread', 'Butter']"
1979,"['Bread', 'Beer', 'Butter']"
1980,"['Bread', 'Butter', 'Eggs']"
1981,"['Beer', 'Milk']"
1982,"['Bread', 'Butter']"
1983,"['Eggs', 'Butter', 'Milk', 'Beer', 'Juice']"
1984,"['Butter', 'Bread', 'Juice', 'Diapers', 'Milk']"
1985,"['Eggs', 'Bread', 'Milk', 'Butter', 'Coke']"
1986,"['Coke', 'Beer', 'Butter']"
1987,"['Milk', 'Beer', 'Juice']"
1988,"['Bread', 'Eggs', 'Butter']"
1989,"['Juice', 'Coke', 'Diapers']"
1990,"['Butter', 'Diapers', 'Coke', 'Milk', 'Eggs']"
1991,"['Diapers', 'Milk', 'Beer']"
1992,"['Eggs', 'Milk']"
1993,"['Milk', 'Bread', 'Eggs']"
1994,"['Juice', 'Bread', 'Beer']"
1995,"['Beer', 'Diapers', 'Coke', 'Bread']"
1996,"['Coke', 'Butter', 'Bread', 'Juice']"
1997,"['Juice', 'Coke']"
1998,"['Coke', 'Milk', 'Juice', 'Eggs', 'Butter']"
1999,"['Bread', 'Beer', 'Coke']"
2000,"['Juice', 'Coke', 'Beer']"
